row_id,type,v1_label,v1_conf,v2_label,v2_conf,label_changed,conf_delta,v1_source,v2_source
1q2x8l9|,post,User_Original_Content,low,User_Original_Content,low,False,0,regex_default,regex_default
1q3l18j|,post,Paraphrase_Of_Model,low,Paraphrase_Of_Model,high,False,2,regex,gemini_fallback
1q5fd5e|,post,User_Original_Content,low,User_Original_Content,low,False,0,llm,regex_default
1q7ncvv|,post,Paraphrase_Of_Model,medium,Paraphrase_Of_Model,medium,False,0,regex,regex
1qbafbg|,post,User_Original_Content,low,User_Original_Content,low,False,0,regex_default,regex_default
1qchvm2|,post,User_Original_Content,low,User_Original_Content,low,False,0,regex_default,regex_default
1qegdnb|,post,Paraphrase_Of_Model,medium,Paraphrase_Of_Model,medium,False,0,regex,regex
1qehpbi|,post,User_Original_Content,low,User_Original_Content,low,False,0,regex_default,regex_default
1qjgyph|,post,User_Original_Content,low,Paraphrase_Of_Model,high,True,2,regex_default,gemini_fallback
1qrc9jl|,post,User_Original_Content,low,User_Original_Content,high,False,2,llm,gemini_fallback
1qrx8op|,post,User_Original_Content,low,User_Original_Content,high,False,2,llm,gemini_fallback
1qvb3ye|,post,User_Original_Content,low,User_Original_Content,low,False,0,llm,regex_default
1qx0v5y|,post,Direct_Quote_Of_Model,high,Direct_Quote_Of_Model,high,False,0,regex,regex
1qxnp4r|,post,User_Original_Content,low,User_Original_Content,low,False,0,regex_default,regex_default
1qxrcw7|,post,User_Original_Content,low,User_Original_Content,low,False,0,regex_default,regex_default
1qzx79a|,post,User_Original_Content,low,User_Original_Content,low,False,0,regex_default,regex_default
1r7llue|,post,User_Original_Content,low,User_Original_Content,low,False,0,regex_default,regex_default
1r7o1ow|,post,User_Original_Content,low,User_Original_Content,low,False,0,regex_default,regex_default
1r7zsa0|,post,User_Original_Content,low,User_Original_Content,low,False,0,regex_default,regex_default
1r7zu8r|,post,User_Original_Content,low,User_Original_Content,low,False,0,regex_default,regex_default
1r98dag|,post,User_Original_Content,low,User_Original_Content,low,False,0,regex_default,regex_default
1rc2jtd|,post,User_Original_Content,low,User_Original_Content,low,False,0,regex_default,regex_default
1rcrw64|,post,User_Original_Content,low,User_Original_Content,low,False,0,regex_default,regex_default
1rfb9fb|,post,User_Original_Content,low,User_Original_Content,low,False,0,regex_default,regex_default
1rfglbe|,post,User_Original_Content,low,User_Original_Content,low,False,0,regex_default,regex_default
1rgwctt|,post,User_Original_Content,low,User_Original_Content,high,False,2,regex_default,gemini_fallback
1rhe89z|,post,User_Original_Content,low,User_Original_Content,high,False,2,llm,gemini_fallback
1rhp9vh|,post,User_Original_Content,low,User_Original_Content,low,False,0,llm,regex_default
1rhwq6t|,post,User_Original_Content,low,User_Original_Content,low,False,0,regex_default,regex_default
1rio9uk|,post,User_Original_Content,low,Direct_Quote_Of_Model,high,True,2,regex_default,gemini_fallback
1rmsagz|,post,User_Original_Content,low,User_Original_Content,low,False,0,llm,regex_default
1rnayou|,post,User_Original_Content,low,User_Original_Content,high,False,2,regex_default,gemini_fallback
1roclcl|,post,User_Original_Content,low,User_Original_Content,low,False,0,llm,regex_default
1rqjjsr|,post,User_Original_Content,low,User_Original_Content,low,False,0,regex_default,regex_default
1rql153|,post,User_Original_Content,low,User_Original_Content,low,False,0,regex_default,regex_default
1rrm3e6|,post,User_Original_Content,low,User_Original_Content,low,False,0,regex_default,regex_default
1rs6vj1|,post,User_Original_Content,low,User_Original_Content,low,False,0,regex_default,regex_default
1rsah3z|,post,User_Original_Content,low,User_Original_Content,low,False,0,regex_default,regex_default
1rt1ucv|,post,User_Original_Content,low,User_Original_Content,high,False,2,regex_default,gemini_fallback
1rt95oc|,post,User_Original_Content,low,User_Original_Content,low,False,0,llm,regex_default
1rt9gy3|,post,User_Original_Content,low,User_Original_Content,low,False,0,regex_default,regex_default
1rt9i66|,post,User_Original_Content,low,User_Original_Content,low,False,0,regex_default,regex_default
1rumf0w|,post,Paraphrase_Of_Model,medium,Paraphrase_Of_Model,medium,False,0,regex,regex
1ruryxo|,post,User_Original_Content,low,User_Original_Content,low,False,0,regex_default,regex_default
1rvg6u0|,post,User_Original_Content,low,User_Original_Content,high,False,2,regex_default,gemini_fallback
1rvi2a9|,post,User_Original_Content,low,User_Original_Content,low,False,0,llm,regex_default
1rvi83o|,post,User_Original_Content,low,User_Original_Content,low,False,0,regex_default,regex_default
1rvrrtj|,post,Paraphrase_Of_Model,high,Paraphrase_Of_Model,high,False,0,regex,regex
1rvtm89|,post,Paraphrase_Of_Model,medium,Paraphrase_Of_Model,medium,False,0,regex,regex
1rwkft4|,post,User_Original_Content,low,User_Original_Content,low,False,0,regex_default,regex_default
1rx9fa2|,post,User_Original_Content,low,User_Original_Content,low,False,0,regex_default,regex_default
1rx9khr|,post,User_Original_Content,low,User_Original_Content,low,False,0,regex_default,regex_default
1rxhvyx|,post,User_Original_Content,low,User_Original_Content,low,False,0,regex_default,regex_default
1rxxxho|,post,User_Original_Content,low,User_Original_Content,low,False,0,regex_default,regex_default
1ryqdyl|,post,User_Original_Content,low,User_Original_Content,low,False,0,regex_default,regex_default
1rz200w|,post,User_Original_Content,low,User_Original_Content,low,False,0,regex_default,regex_default
1rzllil|,post,User_Original_Content,low,User_Original_Content,high,False,2,regex_default,gemini_fallback
1s0low6|,post,User_Original_Content,low,User_Original_Content,low,False,0,llm,regex_default
1s1d0vc|,post,User_Original_Content,low,User_Original_Content,low,False,0,regex_default,regex_default
1s1ensl|,post,User_Original_Content,low,User_Original_Content,low,False,0,regex_default,regex_default
1s1kubp|,post,User_Original_Content,low,User_Original_Content,low,False,0,regex_default,regex_default
1s24yit|,post,Paraphrase_Of_Model,high,Paraphrase_Of_Model,high,False,0,regex,regex
1s2bqr6|,post,User_Original_Content,low,Paraphrase_Of_Model,high,True,2,regex_default,gemini_fallback
1s33th2|,post,User_Original_Content,low,User_Original_Content,high,False,2,llm,gemini_fallback
1s3c0v5|,post,User_Original_Content,low,User_Original_Content,high,False,2,llm,gemini_fallback
1s4oa9j|,post,User_Original_Content,low,User_Original_Content,low,False,0,llm,regex_default
1s52ssr|,post,User_Original_Content,low,User_Original_Content,high,False,2,regex_default,gemini_fallback
1s5m30s|,post,User_Original_Content,low,User_Original_Content,low,False,0,llm,regex_default
1s5oeng|,post,Paraphrase_Of_Model,low,Paraphrase_Of_Model,low,False,0,regex,regex_low
1s5ov1g|,post,User_Original_Content,low,User_Original_Content,high,False,2,regex_default,gemini_fallback
1s5tzv2|,post,Paraphrase_Of_Model,high,Paraphrase_Of_Model,high,False,0,regex,regex
1s5znvp|,post,User_Original_Content,low,User_Original_Content,low,False,0,regex_default,regex_default
1s6gy88|,post,User_Original_Content,low,User_Original_Content,low,False,0,llm,regex_default
1s7n7ov|,post,User_Original_Content,low,User_Original_Content,low,False,0,regex_default,regex_default
1s7qwl4|,post,User_Original_Content,low,User_Original_Content,low,False,0,regex_default,regex_default
1s7v8gf|,post,Paraphrase_Of_Model,high,Paraphrase_Of_Model,high,False,0,regex,regex
1s7wzur|,post,Paraphrase_Of_Model,high,Paraphrase_Of_Model,high,False,0,regex,regex
1s84ekt|,post,User_Original_Content,low,User_Original_Content,low,False,0,regex_default,regex_default
1s8bekk|,post,User_Original_Content,low,User_Original_Content,low,False,0,regex_default,regex_default
1s8p8jb|,post,Paraphrase_Of_Model,low,Paraphrase_Of_Model,low,False,0,regex,regex_low
1s98kll|,post,User_Original_Content,low,Paraphrase_Of_Model,high,True,2,regex_default,gemini_fallback
1s9jfko|,post,User_Original_Content,low,User_Original_Content,high,False,2,regex_default,gemini_fallback
1s9y8z6|,post,User_Original_Content,low,User_Original_Content,low,False,0,regex_default,regex_default
1s9yu5a|,post,User_Original_Content,low,User_Original_Content,low,False,0,llm,regex_default
1sa7r5s|,post,User_Original_Content,low,User_Original_Content,low,False,0,llm,regex_default
1saap87|,post,User_Original_Content,low,User_Original_Content,low,False,0,regex_default,regex_default
1sat0pw|,post,User_Original_Content,low,User_Original_Content,low,False,0,regex_default,regex_default
1sb053k|,post,User_Original_Content,low,User_Original_Content,low,False,0,regex_default,regex_default
1sb2434|,post,User_Original_Content,low,User_Original_Content,low,False,0,regex_default,regex_default
1sb2hi0|,post,User_Original_Content,low,User_Original_Content,low,False,0,regex_default,regex_default
1scapcl|,post,User_Original_Content,low,User_Original_Content,low,False,0,regex_default,regex_default
1scnwu1|,post,User_Original_Content,low,User_Original_Content,low,False,0,regex_default,regex_default
1sd2z9d|,post,Paraphrase_Of_Model,medium,Paraphrase_Of_Model,medium,False,0,regex,regex
1sd8t5u|,post,User_Original_Content,low,User_Original_Content,low,False,0,regex_default,regex_default
1sd8z2q|,post,User_Original_Content,low,User_Original_Content,low,False,0,regex_default,regex_default
1sdjgtc|,post,User_Original_Content,low,User_Original_Content,low,False,0,regex_default,regex_default
1sdlwe8|,post,User_Original_Content,low,User_Original_Content,low,False,0,regex_default,regex_default
1sdsdvv|,post,User_Original_Content,low,User_Original_Content,low,False,0,regex_default,regex_default
1sech2h|,post,User_Original_Content,low,User_Original_Content,low,False,0,regex_default,regex_default
1sey90p|,post,User_Original_Content,low,User_Original_Content,low,False,0,regex_default,regex_default
1sf0q78|,post,User_Original_Content,low,User_Original_Content,low,False,0,regex_default,regex_default
1sfgms8|,post,User_Original_Content,low,User_Original_Content,low,False,0,regex_default,regex_default
1sfk1vk|,post,User_Original_Content,low,User_Original_Content,low,False,0,regex_default,regex_default
1sflemo|,post,User_Original_Content,low,User_Original_Content,low,False,0,regex_default,regex_default
1sfvj1r|,post,User_Original_Content,low,User_Original_Content,low,False,0,regex_default,regex_default
1sfxa2o|,post,Direct_Quote_Of_Model,high,Direct_Quote_Of_Model,high,False,0,regex,regex
1sg87bv|,post,Paraphrase_Of_Model,high,Paraphrase_Of_Model,high,False,0,regex,regex
1sg8byj|,post,Paraphrase_Of_Model,high,Paraphrase_Of_Model,high,False,0,regex,regex
1sg9enj|,post,User_Original_Content,low,User_Original_Content,low,False,0,regex_default,regex_default
1sgbzdx|,post,User_Original_Content,low,User_Original_Content,low,False,0,regex_default,regex_default
1sgt86d|,post,User_Original_Content,low,User_Original_Content,low,False,0,regex_default,regex_default
1sh2j6b|,post,Paraphrase_Of_Model,medium,Paraphrase_Of_Model,medium,False,0,regex,regex
1shjfxb|,post,Direct_Quote_Of_Model,high,Direct_Quote_Of_Model,high,False,0,regex,regex
1shjmpu|,post,User_Original_Content,low,User_Original_Content,low,False,0,regex_default,regex_default
1shnz7l|,post,Direct_Quote_Of_Model,high,Direct_Quote_Of_Model,high,False,0,regex,regex
1shp2i3|,post,User_Original_Content,low,User_Original_Content,low,False,0,regex_default,regex_default
1shqay1|,post,User_Original_Content,low,User_Original_Content,low,False,0,regex_default,regex_default
1shy1d5|,post,User_Original_Content,low,User_Original_Content,low,False,0,regex_default,regex_default
1sisi74|,post,User_Original_Content,low,User_Original_Content,low,False,0,regex_default,regex_default
1sixyoq|,post,Paraphrase_Of_Model,high,Paraphrase_Of_Model,high,False,0,regex,regex
1sjjj3n|,post,User_Original_Content,low,User_Original_Content,low,False,0,regex_default,regex_default
1skkao2|,post,User_Original_Content,low,User_Original_Content,low,False,0,regex_default,regex_default
1skuw1z|,post,User_Original_Content,low,User_Original_Content,low,False,0,regex_default,regex_default
1sm2wzx|,post,User_Original_Content,low,User_Original_Content,low,False,0,regex_default,regex_default
1smmxqs|,post,Direct_Quote_Of_Model,high,Direct_Quote_Of_Model,high,False,0,regex,regex
1smn2xa|,post,User_Original_Content,low,User_Original_Content,low,False,0,regex_default,regex_default
1smtoh1|,post,Paraphrase_Of_Model,medium,Paraphrase_Of_Model,medium,False,0,regex,regex
1snbcnv|,post,User_Original_Content,low,User_Original_Content,high,False,2,regex_default,gemini_fallback
1snk7ag|,post,User_Original_Content,low,Paraphrase_Of_Model,high,True,2,regex_default,gemini_fallback
1snnhoy|,post,Paraphrase_Of_Model,low,Paraphrase_Of_Model,low,False,0,regex,regex_low
1snnrq9|,post,User_Original_Content,low,User_Original_Content,low,False,0,regex_default,regex_default
1snort7|,post,User_Original_Content,low,User_Original_Content,low,False,0,llm,regex_default
1snreri|,post,User_Original_Content,low,User_Original_Content,low,False,0,llm,regex_default
1snxnm3|,post,User_Original_Content,low,User_Original_Content,low,False,0,regex_default,regex_default
1so61sm|,post,Paraphrase_Of_Model,high,Paraphrase_Of_Model,high,False,0,regex,regex
1so9r9k|,post,User_Original_Content,low,User_Original_Content,high,False,2,regex_default,gemini_fallback
1sodv6z|,post,User_Original_Content,low,User_Original_Content,low,False,0,regex_default,regex_default
1soty1x|,post,User_Original_Content,low,User_Original_Content,low,False,0,regex_default,regex_default
1sq6kkm|,post,Paraphrase_Of_Model,low,Paraphrase_Of_Model,low,False,0,regex,regex_low
1sqk2om|,post,User_Original_Content,low,User_Original_Content,low,False,0,regex_default,regex_default
1ss3gyo|,post,Direct_Quote_Of_Model,high,Direct_Quote_Of_Model,high,False,0,regex,regex
1ss3zbo|,post,Paraphrase_Of_Model,high,Paraphrase_Of_Model,high,False,0,regex,regex
1stgtfu|,post,User_Original_Content,low,User_Original_Content,low,False,0,llm,regex_default
1stki1u|,post,User_Original_Content,low,User_Original_Content,low,False,0,regex_default,regex_default
1stmqbu|,post,Direct_Quote_Of_Model,high,Direct_Quote_Of_Model,high,False,0,regex,regex
1stnu9u|,post,Direct_Quote_Of_Model,high,Direct_Quote_Of_Model,high,False,0,regex,regex
1stpyvk|,post,User_Original_Content,low,User_Original_Content,low,False,0,regex_default,regex_default
1strcoa|,post,Direct_Quote_Of_Model,high,Direct_Quote_Of_Model,high,False,0,regex,regex
1stt3g5|,post,Direct_Quote_Of_Model,high,Direct_Quote_Of_Model,high,False,0,regex,regex
1sttfqg|,post,Paraphrase_Of_Model,low,Paraphrase_Of_Model,low,False,0,regex,regex_low
1su5air|,post,User_Original_Content,low,User_Original_Content,low,False,0,regex_default,regex_default
1su64ji|,post,User_Original_Content,low,User_Original_Content,low,False,0,regex_default,regex_default
1sui7px|,post,Direct_Quote_Of_Model,high,Direct_Quote_Of_Model,high,False,0,regex,regex
1sujpzf|,post,User_Original_Content,low,User_Original_Content,low,False,0,regex_default,regex_default
1sv1z0g|,post,User_Original_Content,low,User_Original_Content,low,False,0,regex_default,regex_default
1svijlu|,post,User_Original_Content,low,User_Original_Content,low,False,0,regex_default,regex_default
1svkbsp|,post,User_Original_Content,low,User_Original_Content,low,False,0,regex_default,regex_default
1svsr7w|,post,User_Original_Content,low,User_Original_Content,high,False,2,regex_default,gemini_fallback
1svu284|,post,Paraphrase_Of_Model,medium,Paraphrase_Of_Model,medium,False,0,regex,regex
1swerrz|,post,User_Original_Content,low,User_Original_Content,low,False,0,regex_default,regex_default
1swv3oq|,post,User_Original_Content,low,User_Original_Content,low,False,0,regex_default,regex_default
1swwzqe|,post,User_Original_Content,low,User_Original_Content,low,False,0,regex_default,regex_default
1swx9w0|,post,Paraphrase_Of_Model,high,Paraphrase_Of_Model,high,False,0,regex,regex
1sx14iz|,post,Direct_Quote_Of_Model,high,Direct_Quote_Of_Model,high,False,0,regex,regex
1sx8sdr|,post,User_Original_Content,low,User_Original_Content,low,False,0,regex_default,regex_default
1sxbh97|,post,User_Original_Content,low,User_Original_Content,low,False,0,regex_default,regex_default
1sxegus|,post,User_Original_Content,low,User_Original_Content,low,False,0,llm,regex_default
1sxx7ux|,post,Paraphrase_Of_Model,high,Paraphrase_Of_Model,high,False,0,regex,regex
1sxzlh6|,post,User_Original_Content,low,User_Original_Content,low,False,0,regex_default,regex_default
1sydd8f|,post,Paraphrase_Of_Model,high,Paraphrase_Of_Model,high,False,0,regex,regex
1sz0g35|,post,User_Original_Content,low,User_Original_Content,low,False,0,regex_default,regex_default
1sz1fgh|,post,Paraphrase_Of_Model,high,Paraphrase_Of_Model,high,False,0,regex,regex
1sz1ghg|,post,Paraphrase_Of_Model,high,Paraphrase_Of_Model,high,False,0,regex,regex
1szbq07|,post,User_Original_Content,low,User_Original_Content,low,False,0,regex_default,regex_default
1szbrvy|,post,User_Original_Content,low,Paraphrase_Of_Model,high,True,2,regex_default,gemini_fallback
1szcrr0|,post,User_Original_Content,low,User_Original_Content,low,False,0,regex_default,regex_default
1szdffs|,post,User_Original_Content,low,User_Original_Content,low,False,0,regex_default,regex_default
1sztk86|,post,Paraphrase_Of_Model,high,Paraphrase_Of_Model,high,False,0,regex,regex
1szv5o7|,post,User_Original_Content,low,User_Original_Content,low,False,0,regex_default,regex_default
1szvptz|,post,User_Original_Content,low,User_Original_Content,high,False,2,regex_default,gemini_fallback
1t00h8u|,post,User_Original_Content,low,User_Original_Content,low,False,0,regex_default,regex_default
1t0j5g2|,post,User_Original_Content,low,User_Original_Content,low,False,0,llm,regex_default
1t0lfjx|,post,Paraphrase_Of_Model,medium,Paraphrase_Of_Model,medium,False,0,regex,regex
1t0xd1i|,post,User_Original_Content,low,User_Original_Content,low,False,0,regex_default,regex_default
1t22v8r|,post,User_Original_Content,low,User_Original_Content,low,False,0,regex_default,regex_default
1t2yafw|,post,Paraphrase_Of_Model,high,Paraphrase_Of_Model,high,False,0,regex,regex
1t32rzn|,post,Paraphrase_Of_Model,low,Paraphrase_Of_Model,low,False,0,regex,regex_low
1t35yeq|,post,Paraphrase_Of_Model,high,Paraphrase_Of_Model,high,False,0,regex,regex
1t42p01|,post,User_Original_Content,low,User_Original_Content,low,False,0,regex_default,regex_default
1t48749|,post,User_Original_Content,low,Paraphrase_Of_Model,high,True,2,llm,gemini_fallback
1t48i60|,post,User_Original_Content,low,Direct_Quote_Of_Model,high,True,2,regex_default,gemini_fallback
1t4huiu|,post,User_Original_Content,low,User_Original_Content,low,False,0,regex_default,regex_default
1t4y3a0|,post,Paraphrase_Of_Model,high,Paraphrase_Of_Model,high,False,0,regex,regex
1t5s0j7|,post,User_Original_Content,low,User_Original_Content,low,False,0,regex_default,regex_default
1t611nq|,post,User_Original_Content,low,User_Original_Content,high,False,2,regex_default,gemini_fallback
1t652v1|,post,User_Original_Content,low,User_Original_Content,low,False,0,regex_default,regex_default
1t6lxgp|,post,User_Original_Content,low,User_Original_Content,low,False,0,regex_default,regex_default
1t6n5vq|,post,User_Original_Content,low,User_Original_Content,low,False,0,regex_default,regex_default
1t6n8ri|,post,Direct_Quote_Of_Model,high,Direct_Quote_Of_Model,high,False,0,regex,regex
1t7dofz|,post,User_Original_Content,low,User_Original_Content,low,False,0,llm,regex_default
1t7qe8z|,post,Paraphrase_Of_Model,high,Paraphrase_Of_Model,high,False,0,regex,regex
1t7y88j|,post,Paraphrase_Of_Model,high,Paraphrase_Of_Model,high,False,0,regex,regex
1t89e3p|,post,User_Original_Content,low,User_Original_Content,low,False,0,regex_default,regex_default
1t8vni3|,post,User_Original_Content,low,User_Original_Content,low,False,0,regex_default,regex_default
1t9n9ak|,post,User_Original_Content,low,User_Original_Content,low,False,0,llm,regex_default
1t9yrx2|,post,Paraphrase_Of_Model,low,Paraphrase_Of_Model,low,False,0,regex,regex_low
1t9znhb|,post,Paraphrase_Of_Model,medium,Paraphrase_Of_Model,medium,False,0,regex,regex
1t9zzgm|,post,User_Original_Content,low,Paraphrase_Of_Model,high,True,2,regex_default,gemini_fallback
1ta2krd|,post,User_Original_Content,low,User_Original_Content,low,False,0,regex_default,regex_default
1ta2lr8|,post,User_Original_Content,low,User_Original_Content,low,False,0,regex_default,regex_default
1ta793m|,post,Paraphrase_Of_Model,high,Paraphrase_Of_Model,high,False,0,regex,regex
1ta7xrb|,post,User_Original_Content,low,User_Original_Content,low,False,0,regex_default,regex_default
1taubzj|,post,User_Original_Content,low,User_Original_Content,low,False,0,regex_default,regex_default
1tavnep|,post,Paraphrase_Of_Model,high,Paraphrase_Of_Model,high,False,0,regex,regex
1tbej7l|,post,Paraphrase_Of_Model,high,Paraphrase_Of_Model,high,False,0,regex,regex
1tbgndv|,post,User_Original_Content,low,User_Original_Content,low,False,0,regex_default,regex_default
1tblluj|,post,User_Original_Content,low,User_Original_Content,low,False,0,regex_default,regex_default
1tboj88|,post,User_Original_Content,low,User_Original_Content,low,False,0,regex_default,regex_default
1tbp9g9|,post,Paraphrase_Of_Model,high,Paraphrase_Of_Model,high,False,0,regex,regex
1tbtv4w|,post,Paraphrase_Of_Model,high,Paraphrase_Of_Model,high,False,0,regex,regex
1tc1g8q|,post,User_Original_Content,low,User_Original_Content,low,False,0,llm,regex_default
1tc2xek|,post,User_Original_Content,low,User_Original_Content,low,False,0,llm,regex_default
1tc6ohy|,post,Direct_Quote_Of_Model,high,Direct_Quote_Of_Model,high,False,0,regex,regex
1tcko69|,post,User_Original_Content,low,Paraphrase_Of_Model,high,True,2,regex_default,gemini_fallback
1tcnpua|,post,User_Original_Content,low,Paraphrase_Of_Model,high,True,2,regex_default,gemini_fallback
1tcw4qg|,post,User_Original_Content,low,User_Original_Content,low,False,0,llm,regex_default
1tdjl05|,post,User_Original_Content,low,User_Original_Content,low,False,0,regex_default,regex_default
1tdlk98|,post,User_Original_Content,low,User_Original_Content,low,False,0,regex_default,regex_default
1tdoxg0|,post,User_Original_Content,low,User_Original_Content,low,False,0,regex_default,regex_default
1tdxfss|,post,Paraphrase_Of_Model,medium,Paraphrase_Of_Model,medium,False,0,regex,regex
1te0lqt|,post,User_Original_Content,low,User_Original_Content,low,False,0,regex_default,regex_default
1te0mhh|,post,User_Original_Content,low,User_Original_Content,low,False,0,regex_default,regex_default
1teamk7|,post,Paraphrase_Of_Model,high,Paraphrase_Of_Model,high,False,0,regex,regex
1tebd61|,post,User_Original_Content,low,User_Original_Content,high,False,2,llm,gemini_fallback
1tewgy5|,post,Paraphrase_Of_Model,high,Paraphrase_Of_Model,high,False,0,regex,regex
1teyywd|,post,Paraphrase_Of_Model,high,Paraphrase_Of_Model,high,False,0,regex,regex
1tf8js5|,post,Paraphrase_Of_Model,high,Paraphrase_Of_Model,high,False,0,regex,regex
1tfjhgj|,post,Direct_Quote_Of_Model,high,Direct_Quote_Of_Model,high,False,0,regex,regex
1tfjja8|,post,Direct_Quote_Of_Model,high,Direct_Quote_Of_Model,high,False,0,regex,regex
1tfmxg2|,post,User_Original_Content,low,User_Original_Content,low,False,0,regex_default,regex_default
1tfr58u|,post,User_Original_Content,low,User_Original_Content,low,False,0,regex_default,regex_default
1tg0h9s|,post,Direct_Quote_Of_Model,high,Direct_Quote_Of_Model,high,False,0,regex,regex
1q3imyo|nxl2ebr,comment,Direct_Quote_Of_Model,high,Direct_Quote_Of_Model,high,False,0,regex,regex
1q32gk2|nxm6nhm,comment,User_Original_Content,low,User_Original_Content,low,False,0,regex_default,regex_default
1q3l18j|nxojyt6,comment,Paraphrase_Of_Model,high,Paraphrase_Of_Model,high,False,0,regex,regex
1q3l18j|nxse7cw,comment,User_Original_Content,low,User_Original_Content,low,False,0,regex_default,regex_default
1q3l18j|nxt01op,comment,User_Original_Content,low,User_Original_Content,low,False,0,regex_default,regex_default
1q4tjyc|nxv5lwc,comment,User_Original_Content,low,User_Original_Content,low,False,0,regex_default,regex_default
1q3l18j|nxwccco,comment,Paraphrase_Of_Model,high,Paraphrase_Of_Model,high,False,0,regex,regex
1q5gqzu|ny2hqqh,comment,User_Original_Content,low,User_Original_Content,low,False,0,regex_default,regex_default
1q6626y|ny5iqwa,comment,Paraphrase_Of_Model,medium,Paraphrase_Of_Model,medium,False,0,regex,regex
1qa4h1q|nz1b74g,comment,User_Original_Content,low,User_Original_Content,low,False,0,regex_default,regex_default
1qcs5ex|nzkiun0,comment,Paraphrase_Of_Model,high,Paraphrase_Of_Model,high,False,0,regex,regex
1qcs5ex|nzo05lh,comment,User_Original_Content,low,User_Original_Content,low,False,0,regex_default,regex_default
1qdat2k|nzojpe6,comment,User_Original_Content,low,User_Original_Content,low,False,0,regex_default,regex_default
1qdm95q|nzr9ec0,comment,User_Original_Content,low,User_Original_Content,low,False,0,regex_default,regex_default
1qio90d|o0uhkci,comment,User_Original_Content,low,User_Original_Content,low,False,0,regex_default,regex_default
1qj5v1y|o0wq93j,comment,User_Original_Content,low,User_Original_Content,low,False,0,regex_default,regex_default
1qjif4w|o0zf5fd,comment,User_Original_Content,low,User_Original_Content,low,False,0,regex_default,regex_default
1qjyqyc|o12ix3i,comment,User_Original_Content,low,User_Original_Content,low,False,0,regex_default,regex_default
1qjyrfh|o13byun,comment,User_Original_Content,low,User_Original_Content,low,False,0,regex_default,regex_default
1qkazug|o15fizw,comment,User_Original_Content,low,User_Original_Content,low,False,0,regex_default,regex_default
1qkqbbu|o1929hv,comment,User_Original_Content,low,User_Original_Content,low,False,0,regex_default,regex_default
1qnvtqb|o1x3pwd,comment,User_Original_Content,low,User_Original_Content,high,False,2,llm,gemini_fallback
1qq3pd3|o2f3kz7,comment,User_Original_Content,low,User_Original_Content,low,False,0,regex_default,regex_default
1qq3dok|o2fdha0,comment,User_Original_Content,low,User_Original_Content,low,False,0,regex_default,regex_default
1qrx8op|o2riuzo,comment,User_Original_Content,low,User_Original_Content,low,False,0,regex_default,regex_default
1qut7ty|o3i6iay,comment,User_Original_Content,low,User_Original_Content,low,False,0,regex_default,regex_default
1qvmjic|o3iq4f2,comment,User_Original_Content,low,User_Original_Content,low,False,0,regex_default,regex_default
1qvm13x|o3jc4go,comment,User_Original_Content,low,Paraphrase_Of_Model,high,True,2,llm,gemini_fallback
1qvb3ye|o3ldiyg,comment,Paraphrase_Of_Model,medium,Paraphrase_Of_Model,medium,False,0,regex,regex
1qvz31a|o3le9yv,comment,User_Original_Content,low,User_Original_Content,high,False,2,llm,gemini_fallback
1qwtbyz|o3tjlvt,comment,User_Original_Content,low,User_Original_Content,low,False,0,regex_default,regex_default
1qx0v5y|o3tswvc,comment,User_Original_Content,low,User_Original_Content,low,False,0,regex_default,regex_default
1qwyj6b|o3wo6qs,comment,User_Original_Content,low,User_Original_Content,low,False,0,regex_default,regex_default
1qy4rru|o41bmrs,comment,User_Original_Content,low,User_Original_Content,low,False,0,regex_default,regex_default
1qy4rru|o41fsin,comment,User_Original_Content,low,User_Original_Content,high,False,2,llm,gemini_fallback
1qysl7u|o45zsy0,comment,User_Original_Content,low,User_Original_Content,low,False,0,regex_default,regex_default
1qye7jd|o465tqb,comment,User_Original_Content,low,User_Original_Content,low,False,0,regex_default,regex_default
1qye7jd|o46qvkq,comment,User_Original_Content,low,User_Original_Content,low,False,0,regex_default,regex_default
1qxusbp|o487xw8,comment,Paraphrase_Of_Model,high,Paraphrase_Of_Model,high,False,0,regex,regex
1qxusbp|o4ak7jv,comment,User_Original_Content,low,User_Original_Content,low,False,0,regex_default,regex_default
1qxusbp|o4r0eyh,comment,Paraphrase_Of_Model,high,Paraphrase_Of_Model,high,False,0,regex,regex
1r1sh0c|o4te3xw,comment,User_Original_Content,low,User_Original_Content,low,False,0,regex_default,regex_default
1r7dcwn|o5wz4ew,comment,User_Original_Content,low,User_Original_Content,low,False,0,regex_default,regex_default
1r6y419|o5xs264,comment,User_Original_Content,low,User_Original_Content,high,False,2,llm,gemini_fallback
1r7llue|o5ywwmh,comment,User_Original_Content,low,User_Original_Content,high,False,2,llm,gemini_fallback
1qd5769|o5z2olp,comment,User_Original_Content,low,User_Original_Content,low,False,0,regex_default,regex_default
1r7l61f|o5zau9h,comment,User_Original_Content,low,User_Original_Content,low,False,0,regex_default,regex_default
1r7llue|o5zb78z,comment,User_Original_Content,low,User_Original_Content,low,False,0,regex_default,regex_default
1r85rvf|o62my0e,comment,User_Original_Content,low,User_Original_Content,high,False,2,llm,gemini_fallback
1r8aoow|o63lhf6,comment,User_Original_Content,low,User_Original_Content,low,False,0,regex_default,regex_default
1r8yo1w|o6au8e9,comment,User_Original_Content,low,User_Original_Content,low,False,0,regex_default,regex_default
1r98dag|o6d400c,comment,User_Original_Content,low,User_Original_Content,low,False,0,regex_default,regex_default
1r9p5e3|o6e8bxf,comment,User_Original_Content,low,User_Original_Content,low,False,0,regex_default,regex_default
1rauuni|o6nn9mw,comment,User_Original_Content,low,User_Original_Content,low,False,0,regex_default,regex_default
1rb2zo8|o6pddh6,comment,User_Original_Content,low,User_Original_Content,low,False,0,regex_default,regex_default
1rcpn9y|o70im85,comment,User_Original_Content,low,Direct_Quote_Of_Model,high,True,2,llm,gemini_fallback
1rcrw64|o70j5it,comment,User_Original_Content,low,User_Original_Content,low,False,0,regex_default,regex_default
1rcrw64|o71cnr3,comment,Paraphrase_Of_Model,high,Paraphrase_Of_Model,high,False,0,regex,regex
1rcrw64|o71qalx,comment,User_Original_Content,low,Paraphrase_Of_Model,high,True,2,llm,gemini_fallback
1rcv5uv|o71ued3,comment,User_Original_Content,low,User_Original_Content,low,False,0,regex_default,regex_default
1rcrw64|o72fzpe,comment,User_Original_Content,low,Paraphrase_Of_Model,high,True,2,llm,gemini_fallback
1rcrw64|o72o34x,comment,User_Original_Content,low,Paraphrase_Of_Model,high,True,2,llm,gemini_fallback
1rcrw64|o72rgt9,comment,User_Original_Content,low,User_Original_Content,low,False,0,regex_default,regex_default
1rcrw64|o72t8gv,comment,User_Original_Content,low,User_Original_Content,low,False,0,regex_default,regex_default
1rcrw64|o737dks,comment,User_Original_Content,low,User_Original_Content,low,False,0,regex_default,regex_default
1rf8skj|o7ie5po,comment,User_Original_Content,low,User_Original_Content,low,False,0,regex_default,regex_default
1rfb9fb|o7iq735,comment,Paraphrase_Of_Model,medium,Paraphrase_Of_Model,medium,False,0,regex,regex
1rfb9fb|o7iyz5i,comment,User_Original_Content,low,User_Original_Content,low,False,0,regex_default,regex_default
1rfb9fb|o7j7ry7,comment,User_Original_Content,low,User_Original_Content,low,False,0,regex_default,regex_default
1rcrw64|o7xkbkz,comment,Paraphrase_Of_Model,high,Paraphrase_Of_Model,high,False,0,regex,regex
1rihmqw|o87g3xa,comment,User_Original_Content,low,User_Original_Content,low,False,0,regex_default,regex_default
1rkm637|o8ppvld,comment,User_Original_Content,low,User_Original_Content,low,False,0,regex_default,regex_default
1rllmzu|o8wgxlg,comment,User_Original_Content,low,User_Original_Content,low,False,0,regex_default,regex_default
1rm57cg|o8x9yff,comment,User_Original_Content,low,User_Original_Content,low,False,0,regex_default,regex_default
1rm57cg|o8y9onj,comment,Paraphrase_Of_Model,medium,Paraphrase_Of_Model,medium,False,0,regex,regex
1rme2ql|o8yxg19,comment,Paraphrase_Of_Model,high,Paraphrase_Of_Model,high,False,0,regex,regex
1rmbzqz|o8z6xe6,comment,User_Original_Content,low,User_Original_Content,high,False,2,llm,gemini_fallback
1rkn2h4|o949ryc,comment,User_Original_Content,low,User_Original_Content,low,False,0,regex_default,regex_default
1rn7wij|o94zs50,comment,User_Original_Content,low,User_Original_Content,low,False,0,regex_default,regex_default
1rod7oa|o9dqudp,comment,User_Original_Content,low,User_Original_Content,low,False,0,regex_default,regex_default
1roex9d|o9e4gf1,comment,User_Original_Content,low,User_Original_Content,low,False,0,regex_default,regex_default
1rod7oa|o9fott5,comment,Paraphrase_Of_Model,high,Paraphrase_Of_Model,high,False,0,regex,regex
1rod7oa|o9g06i5,comment,User_Original_Content,low,User_Original_Content,low,False,0,regex_default,regex_default
1rod7oa|o9g07xp,comment,User_Original_Content,low,User_Original_Content,low,False,0,regex_default,regex_default
1rotkcb|o9gfo3h,comment,User_Original_Content,low,User_Original_Content,low,False,0,regex_default,regex_default
1rod7oa|o9hzw71,comment,Paraphrase_Of_Model,medium,Paraphrase_Of_Model,medium,False,0,regex,regex
1rp6iya|o9iy4f6,comment,User_Original_Content,low,User_Original_Content,low,False,0,regex_default,regex_default
1rp6iya|o9l27ut,comment,User_Original_Content,low,User_Original_Content,low,False,0,regex_default,regex_default
1rphb33|o9mkjqp,comment,User_Original_Content,low,User_Original_Content,low,False,0,regex_default,regex_default
1r9ytvc|o9n1y8l,comment,Paraphrase_Of_Model,high,Paraphrase_Of_Model,high,False,0,regex,regex
1rp1m7k|o9nhey7,comment,User_Original_Content,low,User_Original_Content,low,False,0,regex_default,regex_default
1rqah9x|o9qx6on,comment,User_Original_Content,low,User_Original_Content,low,False,0,regex_default,regex_default
1rqah9x|o9qxros,comment,User_Original_Content,low,User_Original_Content,low,False,0,regex_default,regex_default
1rn1l41|o9r1r7x,comment,User_Original_Content,low,User_Original_Content,low,False,0,regex_default,regex_default
1rqah9x|o9r4544,comment,Paraphrase_Of_Model,high,Paraphrase_Of_Model,high,False,0,regex,regex
1rqah9x|o9r4f9b,comment,User_Original_Content,low,User_Original_Content,low,False,0,regex_default,regex_default
1rqah9x|o9rdcsu,comment,Paraphrase_Of_Model,high,Paraphrase_Of_Model,high,False,0,regex,regex
1rqah9x|o9rjntr,comment,Paraphrase_Of_Model,high,Paraphrase_Of_Model,high,False,0,regex,regex
1rqah9x|o9rmsbd,comment,User_Original_Content,low,Paraphrase_Of_Model,high,True,2,llm,gemini_fallback
1rqah9x|o9rwcjf,comment,User_Original_Content,low,User_Original_Content,low,False,0,regex_default,regex_default
1rqah9x|o9tdtzj,comment,User_Original_Content,low,User_Original_Content,low,False,0,regex_default,regex_default
1rqjjsr|o9tgbcw,comment,User_Original_Content,low,User_Original_Content,low,False,0,regex_default,regex_default
1rqah9x|o9wmrnh,comment,User_Original_Content,low,Direct_Quote_Of_Model,high,True,2,llm,gemini_fallback
1rod7oa|o9x79ij,comment,User_Original_Content,low,User_Original_Content,low,False,0,regex_default,regex_default
1rqjjsr|o9y1ux7,comment,Paraphrase_Of_Model,high,Paraphrase_Of_Model,high,False,0,regex,regex
1rrqvit|oa26c5j,comment,User_Original_Content,low,User_Original_Content,low,False,0,regex_default,regex_default
1rqah9x|oa2o4r5,comment,User_Original_Content,low,User_Original_Content,low,False,0,regex_default,regex_default
1rs4lvn|oa4htrx,comment,User_Original_Content,low,User_Original_Content,high,False,2,llm,gemini_fallback
1rpjbtf|oa69yzj,comment,User_Original_Content,low,User_Original_Content,low,False,0,regex_default,regex_default
1rselh3|oa6haww,comment,User_Original_Content,low,User_Original_Content,low,False,0,regex_default,regex_default
1rt9i66|oaclf47,comment,Paraphrase_Of_Model,high,Paraphrase_Of_Model,high,False,0,regex,regex
1rt9i66|oacmwjd,comment,Paraphrase_Of_Model,medium,Paraphrase_Of_Model,medium,False,0,regex,regex
1rt9i66|oacozic,comment,User_Original_Content,low,User_Original_Content,low,False,0,regex_default,regex_default
1rt9i66|oacqx05,comment,Paraphrase_Of_Model,high,Paraphrase_Of_Model,high,False,0,regex,regex
1rt9i66|oacu196,comment,Paraphrase_Of_Model,high,Paraphrase_Of_Model,high,False,0,regex,regex
1rt9i66|oacuvv1,comment,User_Original_Content,low,User_Original_Content,low,False,0,regex_default,regex_default
1rt9i66|oad9vxb,comment,Paraphrase_Of_Model,low,Paraphrase_Of_Model,low,False,0,regex,regex_low
1rt9i66|oaefe2p,comment,Paraphrase_Of_Model,high,Paraphrase_Of_Model,high,False,0,regex,regex
1rt9i66|oaf167y,comment,User_Original_Content,low,User_Original_Content,low,False,0,regex_default,regex_default
1rt9i66|oajcrgx,comment,User_Original_Content,low,User_Original_Content,low,False,0,regex_default,regex_default
1rt9mz4|oakkn1k,comment,User_Original_Content,low,User_Original_Content,low,False,0,regex_default,regex_default
1rugx4b|oalgm5l,comment,User_Original_Content,low,User_Original_Content,low,False,0,regex_default,regex_default
1rt9i66|oan60gv,comment,Paraphrase_Of_Model,high,Paraphrase_Of_Model,high,False,0,regex,regex
1ruryxo|oaniauy,comment,Paraphrase_Of_Model,medium,Paraphrase_Of_Model,medium,False,0,regex,regex
1ruryxo|oannt8c,comment,User_Original_Content,low,User_Original_Content,low,False,0,regex_default,regex_default
1ruryxo|oanolvd,comment,User_Original_Content,low,User_Original_Content,high,False,2,regex_default,gemini_fallback
1ruryxo|oanzl86,comment,User_Original_Content,low,User_Original_Content,low,False,0,llm,regex_default
1ruryxo|oao3tga,comment,User_Original_Content,low,User_Original_Content,low,False,0,regex_default,regex_default
1rhe89z|oao79zh,comment,User_Original_Content,low,User_Original_Content,low,False,0,regex_default,regex_default
1rul8qp|oao7kv7,comment,Paraphrase_Of_Model,high,Paraphrase_Of_Model,high,False,0,regex,regex
1rul8qp|oaow9jm,comment,Paraphrase_Of_Model,high,Paraphrase_Of_Model,high,False,0,regex,regex
1ruryxo|oapmit9,comment,User_Original_Content,low,User_Original_Content,low,False,0,regex_default,regex_default
1ruryxo|oapn8rg,comment,Paraphrase_Of_Model,high,Paraphrase_Of_Model,high,False,0,regex,regex
1ruryxo|oapr0zc,comment,Paraphrase_Of_Model,medium,Paraphrase_Of_Model,medium,False,0,regex,regex
1ruryxo|oapwi1e,comment,User_Original_Content,low,User_Original_Content,low,False,0,regex_default,regex_default
1rsuqk3|oaq1vny,comment,User_Original_Content,low,User_Original_Content,low,False,0,regex_default,regex_default
1ruryxo|oaq5x78,comment,Paraphrase_Of_Model,high,Paraphrase_Of_Model,high,False,0,regex,regex
1rul8qp|oaq9g32,comment,User_Original_Content,low,User_Original_Content,low,False,0,regex_default,regex_default
1rul8qp|oarygjs,comment,User_Original_Content,low,User_Original_Content,low,False,0,regex_default,regex_default
1rv65x7|oaso016,comment,User_Original_Content,low,User_Original_Content,high,False,2,regex_default,gemini_fallback
1rt9i66|oate1z4,comment,Paraphrase_Of_Model,high,Paraphrase_Of_Model,high,False,0,regex,regex
1rugx4b|oaucmus,comment,User_Original_Content,low,User_Original_Content,low,False,0,llm,regex_default
1rvkpd5|oaue5a3,comment,Direct_Quote_Of_Model,high,Direct_Quote_Of_Model,high,False,0,regex,regex
1rvtm89|oav18uu,comment,User_Original_Content,low,User_Original_Content,low,False,0,regex_default,regex_default
1rvthay|oav46nd,comment,User_Original_Content,low,Direct_Quote_Of_Model,high,True,2,regex_default,gemini_fallback
1rvtm89|oawb4ar,comment,User_Original_Content,low,User_Original_Content,low,False,0,llm,regex_default
1rvtm89|oawq6sj,comment,Paraphrase_Of_Model,high,Paraphrase_Of_Model,high,False,0,regex,regex
1rw31b4|oawth48,comment,User_Original_Content,low,Direct_Quote_Of_Model,high,True,2,regex_default,gemini_fallback
1rvtm89|oawwkit,comment,User_Original_Content,low,User_Original_Content,low,False,0,llm,regex_default
1rvthay|oax18f4,comment,Paraphrase_Of_Model,high,Paraphrase_Of_Model,high,False,0,regex,regex
1rw93n4|oazmm2m,comment,User_Original_Content,low,User_Original_Content,low,False,0,regex_default,regex_default
1rwpa4q|ob21jmd,comment,User_Original_Content,low,User_Original_Content,low,False,0,regex_default,regex_default
1rwspvx|ob2ofgf,comment,User_Original_Content,low,User_Original_Content,high,False,2,regex_default,gemini_fallback
1rxxxho|obacqg4,comment,User_Original_Content,low,Paraphrase_Of_Model,high,True,2,llm,gemini_fallback
1ry6m50|obfn24z,comment,Paraphrase_Of_Model,high,Paraphrase_Of_Model,high,False,0,regex,regex
1rt9i66|obh85bo,comment,User_Original_Content,low,User_Original_Content,low,False,0,llm,regex_default
1ryzcoq|obl0xtr,comment,User_Original_Content,low,User_Original_Content,high,False,2,regex_default,gemini_fallback
1rzt3zz|obp3vpd,comment,User_Original_Content,low,User_Original_Content,low,False,0,llm,regex_default
1rzntwf|obpddnv,comment,User_Original_Content,low,User_Original_Content,low,False,0,regex_default,regex_default
1rt9i66|obqet4z,comment,Paraphrase_Of_Model,medium,Paraphrase_Of_Model,medium,False,0,regex,regex
1s0j2ej|obv5iim,comment,User_Original_Content,low,User_Original_Content,low,False,0,regex_default,regex_default
1s0c2ts|obvs4an,comment,User_Original_Content,low,User_Original_Content,low,False,0,regex_default,regex_default
1s132j8|obyxn8z,comment,User_Original_Content,low,User_Original_Content,low,False,0,regex_default,regex_default
1s16eiz|obz3q1q,comment,Paraphrase_Of_Model,high,Paraphrase_Of_Model,high,False,0,regex,regex
1s16eiz|obzc9y7,comment,User_Original_Content,low,User_Original_Content,high,False,2,regex_default,gemini_fallback
1s16eiz|obzfbq0,comment,User_Original_Content,low,User_Original_Content,low,False,0,llm,regex_default
1s16eiz|obznw7a,comment,User_Original_Content,low,User_Original_Content,low,False,0,regex_default,regex_default
1s1d0vc|obztgph,comment,Paraphrase_Of_Model,medium,Paraphrase_Of_Model,medium,False,0,regex,regex
1s1d0vc|oc0meqw,comment,User_Original_Content,low,User_Original_Content,low,False,0,regex_default,regex_default
1s1d0vc|oc0py0f,comment,User_Original_Content,low,User_Original_Content,low,False,0,regex_default,regex_default
1s1d0vc|oc116iz,comment,User_Original_Content,low,User_Original_Content,low,False,0,regex_default,regex_default
1s16eiz|oc2ua4r,comment,User_Original_Content,low,User_Original_Content,low,False,0,regex_default,regex_default
1s16eiz|oc2wl0x,comment,User_Original_Content,low,User_Original_Content,low,False,0,regex_default,regex_default
1s1a14v|oc329vs,comment,Paraphrase_Of_Model,high,Paraphrase_Of_Model,high,False,0,regex,regex
1s1d0vc|oc40iu1,comment,Paraphrase_Of_Model,medium,Paraphrase_Of_Model,medium,False,0,regex,regex
1s1tyoe|oc57elm,comment,Paraphrase_Of_Model,medium,Paraphrase_Of_Model,medium,False,0,regex,regex
1s1a14v|oc5agap,comment,User_Original_Content,low,User_Original_Content,low,False,0,regex_default,regex_default
1s220dp|oc5tvqp,comment,User_Original_Content,low,User_Original_Content,low,False,0,regex_default,regex_default
1s2ci4f|oc73084,comment,User_Original_Content,low,Paraphrase_Of_Model,high,True,2,regex_default,gemini_fallback
1s283zs|oc7gzv7,comment,User_Original_Content,low,Paraphrase_Of_Model,high,True,2,llm,gemini_fallback
1s220dp|oc7ibix,comment,User_Original_Content,low,User_Original_Content,low,False,0,llm,regex_default
1s220dp|oc8s6l7,comment,User_Original_Content,low,Paraphrase_Of_Model,high,True,2,llm,gemini_fallback
1s220dp|oc8sh7l,comment,User_Original_Content,low,User_Original_Content,low,False,0,llm,regex_default
1s2ko4j|oc9rl8u,comment,User_Original_Content,low,User_Original_Content,low,False,0,regex_default,regex_default
1s2zmal|occ37ui,comment,Paraphrase_Of_Model,high,Paraphrase_Of_Model,high,False,0,regex,regex
1s2zmal|occn97l,comment,User_Original_Content,low,User_Original_Content,low,False,0,regex_default,regex_default
1s2zmal|occvoy5,comment,Paraphrase_Of_Model,high,Paraphrase_Of_Model,high,False,0,regex,regex
1s2zmal|ocdb84l,comment,User_Original_Content,low,Direct_Quote_Of_Model,high,True,2,regex_default,gemini_fallback
1s220dp|ocdni2y,comment,User_Original_Content,low,User_Original_Content,low,False,0,llm,regex_default
1s220dp|oce1w6s,comment,User_Original_Content,low,User_Original_Content,low,False,0,regex_default,regex_default
1s2zmal|ocewqw0,comment,Paraphrase_Of_Model,high,Paraphrase_Of_Model,high,False,0,regex,regex
1s2zmal|ocha710,comment,User_Original_Content,low,User_Original_Content,low,False,0,regex_default,regex_default
1s2zmal|ocibqrk,comment,User_Original_Content,low,User_Original_Content,low,False,0,regex_default,regex_default
1s220dp|ocj9kik,comment,Paraphrase_Of_Model,low,Paraphrase_Of_Model,low,False,0,regex,regex_low
1s4iefu|ocov3cb,comment,User_Original_Content,low,User_Original_Content,high,False,2,regex_default,gemini_fallback
1s59lkw|oct1z33,comment,User_Original_Content,low,User_Original_Content,low,False,0,regex_default,regex_default
1s5t4at|ocx5q97,comment,Paraphrase_Of_Model,high,Paraphrase_Of_Model,high,False,0,regex,regex
1s5tzv2|ocxc02w,comment,User_Original_Content,low,Paraphrase_Of_Model,high,True,2,llm,gemini_fallback
1s5r0hj|ocxkpq7,comment,User_Original_Content,low,User_Original_Content,low,False,0,regex_default,regex_default
1s5oeng|ocy4c8o,comment,User_Original_Content,low,User_Original_Content,low,False,0,llm,regex_default
1s5oeng|ocyi4bn,comment,User_Original_Content,low,User_Original_Content,low,False,0,regex_default,regex_default
1s5znvp|ocyo3r7,comment,User_Original_Content,low,User_Original_Content,low,False,0,regex_default,regex_default
1s5znvp|oczmuwk,comment,User_Original_Content,low,User_Original_Content,low,False,0,regex_default,regex_default
1s5tzv2|od13d46,comment,User_Original_Content,low,User_Original_Content,low,False,0,regex_default,regex_default
1s5nxwe|od1b4jb,comment,User_Original_Content,low,User_Original_Content,low,False,0,regex_default,regex_default
1s6sl7j|od46nh9,comment,User_Original_Content,low,User_Original_Content,low,False,0,regex_default,regex_default
1s6sl7j|od4iemp,comment,User_Original_Content,low,User_Original_Content,low,False,0,regex_default,regex_default
1s6sl7j|od4o08d,comment,Paraphrase_Of_Model,high,Paraphrase_Of_Model,high,False,0,regex,regex
1s6sl7j|od4s2fc,comment,User_Original_Content,low,User_Original_Content,low,False,0,regex_default,regex_default
1s6sl7j|od5oyz0,comment,Paraphrase_Of_Model,high,Paraphrase_Of_Model,high,False,0,regex,regex
1s6pby4|od5qym9,comment,User_Original_Content,low,User_Original_Content,low,False,0,regex_default,regex_default
1r446bl|od6htxr,comment,User_Original_Content,low,User_Original_Content,low,False,0,regex_default,regex_default
1s6zxkp|od6uepa,comment,User_Original_Content,low,User_Original_Content,low,False,0,llm,regex_default
1s6sl7j|od6y7hu,comment,User_Original_Content,low,User_Original_Content,low,False,0,regex_default,regex_default
1s7n7ov|odasmj1,comment,User_Original_Content,low,User_Original_Content,low,False,0,regex_default,regex_default
1s7n7ov|odav4rh,comment,Direct_Quote_Of_Model,high,Direct_Quote_Of_Model,high,False,0,regex,regex
1s7pyqq|odbbdlz,comment,User_Original_Content,low,Paraphrase_Of_Model,high,True,2,regex_default,gemini_fallback
1s7n7ov|odbmxtg,comment,Paraphrase_Of_Model,high,Paraphrase_Of_Model,high,False,0,regex,regex
1s7v8gf|odckgpx,comment,User_Original_Content,low,User_Original_Content,low,False,0,regex_default,regex_default
1s7zfap|oddng3i,comment,User_Original_Content,low,User_Original_Content,low,False,0,llm,regex_default
1s820s3|ode0qv7,comment,User_Original_Content,low,User_Original_Content,low,False,0,regex_default,regex_default
1s820s3|odearnv,comment,User_Original_Content,low,User_Original_Content,low,False,0,regex_default,regex_default
1s820s3|odftoe3,comment,Paraphrase_Of_Model,high,Paraphrase_Of_Model,high,False,0,regex,regex
1s8d8mi|odg4btv,comment,User_Original_Content,low,User_Original_Content,low,False,0,regex_default,regex_default
1s820s3|odgfxl4,comment,Paraphrase_Of_Model,high,Paraphrase_Of_Model,high,False,0,regex,regex
1s8bekk|odgoja6,comment,User_Original_Content,low,User_Original_Content,high,False,2,regex_default,gemini_fallback
1s820s3|odgwb6v,comment,Paraphrase_Of_Model,high,Paraphrase_Of_Model,high,False,0,regex,regex
1s8n50m|odicnhw,comment,Paraphrase_Of_Model,high,Paraphrase_Of_Model,high,False,0,regex,regex
1s820s3|odlyp0j,comment,User_Original_Content,low,User_Original_Content,low,False,0,regex_default,regex_default
1s98kll|odmp6wb,comment,Paraphrase_Of_Model,high,Paraphrase_Of_Model,high,False,0,regex,regex
1s98kll|odmqayk,comment,User_Original_Content,low,Paraphrase_Of_Model,high,True,2,llm,gemini_fallback
1s98kll|odmtmfi,comment,User_Original_Content,low,User_Original_Content,low,False,0,regex_default,regex_default
1s98kll|odny89x,comment,User_Original_Content,low,Paraphrase_Of_Model,high,True,2,llm,gemini_fallback
1s98kll|odok6rq,comment,Paraphrase_Of_Model,high,Paraphrase_Of_Model,high,False,0,regex,regex
1s9iv8k|odox121,comment,User_Original_Content,low,User_Original_Content,low,False,0,regex_default,regex_default
1s98kll|odp7cei,comment,Paraphrase_Of_Model,high,Paraphrase_Of_Model,high,False,0,regex,regex
1s98kll|odrffsq,comment,User_Original_Content,low,User_Original_Content,low,False,0,llm,regex_default
1s98kll|odrg3o9,comment,User_Original_Content,low,User_Original_Content,low,False,0,regex_default,regex_default
1s7n7ov|odt4257,comment,Paraphrase_Of_Model,high,Paraphrase_Of_Model,high,False,0,regex,regex
1s9zxne|odt7ryl,comment,User_Original_Content,low,User_Original_Content,low,False,0,regex_default,regex_default
1sacziq|odux6q6,comment,User_Original_Content,low,User_Original_Content,high,False,2,regex_default,gemini_fallback
1sad9rb|odvcnrw,comment,User_Original_Content,low,User_Original_Content,low,False,0,regex_default,regex_default
1sad9rb|odvp47o,comment,User_Original_Content,low,User_Original_Content,high,False,2,llm,gemini_fallback
1saxm3r|oe0gt9u,comment,User_Original_Content,low,User_Original_Content,low,False,0,regex_default,regex_default
1sb2434|oe20b0s,comment,User_Original_Content,low,User_Original_Content,high,False,2,llm,gemini_fallback
1sbg4lg|oe4werc,comment,User_Original_Content,low,User_Original_Content,high,False,2,regex_default,gemini_fallback
1sc48cr|oe83wxu,comment,Paraphrase_Of_Model,medium,Paraphrase_Of_Model,medium,False,0,regex,regex
1sc48cr|oe84pt6,comment,User_Original_Content,low,User_Original_Content,low,False,0,llm,regex_default
1sc48cr|oe868qy,comment,User_Original_Content,low,User_Original_Content,low,False,0,llm,regex_default
1sc48cr|oe8mmsb,comment,User_Original_Content,low,User_Original_Content,high,False,2,regex_default,gemini_fallback
1sc48cr|oe8q9hp,comment,Paraphrase_Of_Model,medium,Paraphrase_Of_Model,medium,False,0,regex,regex
1sc48cr|oe931e2,comment,User_Original_Content,low,User_Original_Content,low,False,0,regex_default,regex_default
1sc48cr|oea93qa,comment,Paraphrase_Of_Model,medium,Paraphrase_Of_Model,medium,False,0,regex,regex
1scnwu1|oechu62,comment,Paraphrase_Of_Model,high,Paraphrase_Of_Model,high,False,0,regex,regex
1sctsqu|oednxav,comment,User_Original_Content,low,User_Original_Content,low,False,0,llm,regex_default
1sctsqu|oee8wqh,comment,User_Original_Content,low,User_Original_Content,low,False,0,regex_default,regex_default
1scy9bu|oeejn6r,comment,User_Original_Content,low,User_Original_Content,high,False,2,regex_default,gemini_fallback
1sdarjy|oek47cd,comment,User_Original_Content,low,User_Original_Content,high,False,2,regex_default,gemini_fallback
1sdro16|oel1fn0,comment,User_Original_Content,low,User_Original_Content,low,False,0,llm,regex_default
1sc6ocz|oemhjeq,comment,User_Original_Content,low,User_Original_Content,low,False,0,llm,regex_default
1se5jjl|oenkr9l,comment,User_Original_Content,low,User_Original_Content,low,False,0,regex_default,regex_default
1sdsyve|oeo9ncv,comment,Paraphrase_Of_Model,high,Paraphrase_Of_Model,high,False,0,regex,regex
1sehwnd|oer02mx,comment,User_Original_Content,low,User_Original_Content,low,False,0,regex_default,regex_default
1set9r1|oes89hb,comment,User_Original_Content,low,User_Original_Content,low,False,0,regex_default,regex_default
1set9r1|oesgbp3,comment,Direct_Quote_Of_Model,high,User_Original_Content,low,True,-2,regex,regex_default
1set9r1|oeszdc0,comment,User_Original_Content,low,User_Original_Content,low,False,0,regex_default,regex_default
1set9r1|oetbujn,comment,User_Original_Content,low,User_Original_Content,low,False,0,regex_default,regex_default
1set9r1|oete4hv,comment,Paraphrase_Of_Model,high,Paraphrase_Of_Model,high,False,0,regex,regex
1set9r1|oettm0n,comment,Paraphrase_Of_Model,medium,Paraphrase_Of_Model,medium,False,0,regex,regex
1sck3d8|oetwx6y,comment,User_Original_Content,low,User_Original_Content,low,False,0,regex_default,regex_default
1set9r1|oevrfio,comment,User_Original_Content,low,User_Original_Content,low,False,0,regex_default,regex_default
1sfw9b5|of0nc8h,comment,User_Original_Content,low,User_Original_Content,low,False,0,regex_default,regex_default
1sg51ut|of3yz4a,comment,User_Original_Content,low,User_Original_Content,low,False,0,regex_default,regex_default
1rvthay|of4gvg1,comment,User_Original_Content,low,User_Original_Content,low,False,0,regex_default,regex_default
1sgfllt|of54opf,comment,User_Original_Content,low,User_Original_Content,low,False,0,llm,regex_default
1rvthay|of5v6cy,comment,User_Original_Content,low,User_Original_Content,low,False,0,regex_default,regex_default
1se1olb|of5wqvr,comment,User_Original_Content,low,User_Original_Content,low,False,0,regex_default,regex_default
1sgg0sq|of7dnb4,comment,User_Original_Content,low,User_Original_Content,low,False,0,regex_default,regex_default
1scrvuc|of7i7sj,comment,User_Original_Content,low,User_Original_Content,low,False,0,regex_default,regex_default
1sh36jl|of9plbl,comment,User_Original_Content,low,User_Original_Content,low,False,0,regex_default,regex_default
1shjfxb|ofdb9nc,comment,User_Original_Content,low,User_Original_Content,low,False,0,regex_default,regex_default
1rvthay|ofdtk4p,comment,Paraphrase_Of_Model,high,Paraphrase_Of_Model,high,False,0,regex,regex
1shp2i3|ofeadwm,comment,User_Original_Content,low,User_Original_Content,low,False,0,regex_default,regex_default
1shp2i3|ofegqws,comment,User_Original_Content,low,Paraphrase_Of_Model,high,True,2,regex_default,gemini_fallback
1siip5s|ofkllhc,comment,User_Original_Content,low,User_Original_Content,low,False,0,regex_default,regex_default
1sigs17|ofl9fy6,comment,User_Original_Content,low,User_Original_Content,low,False,0,regex_default,regex_default
1sil3di|oflaw86,comment,User_Original_Content,low,User_Original_Content,low,False,0,regex_default,regex_default
1sinjd4|oflzl6z,comment,User_Original_Content,low,User_Original_Content,low,False,0,regex_default,regex_default
1sigs17|ofnkq66,comment,Paraphrase_Of_Model,high,Paraphrase_Of_Model,high,False,0,regex,regex
1siucg8|ofnmb4m,comment,User_Original_Content,low,User_Original_Content,low,False,0,regex_default,regex_default
1sixyoq|ofnqn33,comment,User_Original_Content,low,User_Original_Content,low,False,0,regex_default,regex_default
1sixyoq|ofnr3ur,comment,User_Original_Content,low,User_Original_Content,low,False,0,regex_default,regex_default
1siip5s|ofouv02,comment,User_Original_Content,low,User_Original_Content,low,False,0,regex_default,regex_default
1sj8o9l|ofrt8mp,comment,User_Original_Content,low,User_Original_Content,low,False,0,regex_default,regex_default
1sjp6tv|oftfy7n,comment,User_Original_Content,low,User_Original_Content,low,False,0,regex_default,regex_default
1sjp6tv|oftk4yy,comment,Direct_Quote_Of_Model,high,Direct_Quote_Of_Model,high,False,0,regex,regex
1sk3jp5|ofwe48g,comment,User_Original_Content,low,User_Original_Content,low,False,0,regex_default,regex_default
1sgynbi|ofzt1j7,comment,User_Original_Content,low,User_Original_Content,low,False,0,regex_default,regex_default
1sklboy|ofzznzw,comment,User_Original_Content,low,User_Original_Content,low,False,0,regex_default,regex_default
1skol14|og0pnas,comment,User_Original_Content,low,User_Original_Content,low,False,0,regex_default,regex_default
1skj66p|og1uhlf,comment,User_Original_Content,low,User_Original_Content,low,False,0,regex_default,regex_default
1skuw1z|og2057c,comment,User_Original_Content,low,Paraphrase_Of_Model,high,True,2,regex_default,gemini_fallback
1sl1i8c|og3g0wu,comment,User_Original_Content,low,User_Original_Content,low,False,0,regex_default,regex_default
1sln806|og81wdz,comment,User_Original_Content,low,User_Original_Content,low,False,0,regex_default,regex_default
1slfnoq|og9nt19,comment,User_Original_Content,low,User_Original_Content,high,False,2,llm,gemini_fallback
1slj9zi|oga42kt,comment,User_Original_Content,low,User_Original_Content,high,False,2,regex_default,gemini_fallback
1sm3jlg|ogbg5n4,comment,User_Original_Content,low,User_Original_Content,low,False,0,regex_default,regex_default
1sm3jlg|ogbiq1k,comment,User_Original_Content,low,User_Original_Content,low,False,0,llm,regex_default
1smb829|ogcz79d,comment,User_Original_Content,low,User_Original_Content,low,False,0,llm,regex_default
1smb829|ogdn8h4,comment,User_Original_Content,low,User_Original_Content,low,False,0,regex_default,regex_default
1sk4y1p|ogdt8x1,comment,User_Original_Content,low,User_Original_Content,low,False,0,regex_default,regex_default
1sm1xxb|ogenbn4,comment,User_Original_Content,low,User_Original_Content,low,False,0,regex_default,regex_default
1smtoh1|oggv38v,comment,Paraphrase_Of_Model,high,Paraphrase_Of_Model,high,False,0,regex,regex
1smtoh1|oggxc0y,comment,User_Original_Content,low,User_Original_Content,low,False,0,regex_default,regex_default
1smtoh1|ogh8a0x,comment,User_Original_Content,low,User_Original_Content,low,False,0,regex_default,regex_default
1smtoh1|ogha3op,comment,Paraphrase_Of_Model,high,Paraphrase_Of_Model,high,False,0,regex,regex
1smupra|oghcg23,comment,User_Original_Content,low,User_Original_Content,low,False,0,regex_default,regex_default
1smtoh1|oghjc2e,comment,User_Original_Content,low,User_Original_Content,low,False,0,regex_default,regex_default
1smw19t|oghz4qo,comment,Paraphrase_Of_Model,medium,Paraphrase_Of_Model,medium,False,0,regex,regex
1smtoh1|ogi0lp2,comment,Paraphrase_Of_Model,high,Paraphrase_Of_Model,high,False,0,regex,regex
1sfpopp|ogiiovm,comment,User_Original_Content,low,User_Original_Content,low,False,0,regex_default,regex_default
1smyiit|ogixzez,comment,User_Original_Content,low,User_Original_Content,low,False,0,regex_default,regex_default
1snbk2p|ogkyosf,comment,User_Original_Content,low,User_Original_Content,low,False,0,regex_default,regex_default
1sn6z9u|ogl1upy,comment,User_Original_Content,low,User_Original_Content,low,False,0,regex_default,regex_default
1smw19t|oglg77j,comment,User_Original_Content,low,User_Original_Content,low,False,0,regex_default,regex_default
1snnhoy|ogmzs8w,comment,User_Original_Content,low,User_Original_Content,low,False,0,regex_default,regex_default
1snnhoy|ogn0qng,comment,User_Original_Content,low,User_Original_Content,low,False,0,regex_default,regex_default
1snnhoy|ogn0uh9,comment,Paraphrase_Of_Model,high,Paraphrase_Of_Model,high,False,0,regex,regex
1snnhoy|ogn5yra,comment,User_Original_Content,low,User_Original_Content,low,False,0,regex_default,regex_default
1snnhoy|ogn68ka,comment,User_Original_Content,low,User_Original_Content,low,False,0,regex_default,regex_default
1snnhoy|ognj9v1,comment,User_Original_Content,low,User_Original_Content,low,False,0,regex_default,regex_default
1snjeop|ogq9y9l,comment,User_Original_Content,low,User_Original_Content,low,False,0,regex_default,regex_default
1snckbt|ogqkpud,comment,User_Original_Content,low,User_Original_Content,low,False,0,regex_default,regex_default
1so7ec4|ogrf2o9,comment,User_Original_Content,low,User_Original_Content,low,False,0,regex_default,regex_default
1so6z2t|ogrqx5v,comment,User_Original_Content,low,User_Original_Content,low,False,0,regex_default,regex_default
1sp8y32|ogyo7xq,comment,Paraphrase_Of_Model,high,Paraphrase_Of_Model,high,False,0,regex,regex
1spc4dt|ogzbtxo,comment,Paraphrase_Of_Model,high,Paraphrase_Of_Model,high,False,0,regex,regex
1somr15|ogzoimc,comment,User_Original_Content,low,User_Original_Content,low,False,0,regex_default,regex_default
1spluzo|oh1w3bd,comment,User_Original_Content,low,User_Original_Content,low,False,0,regex_default,regex_default
1spudpy|oh2y1v0,comment,User_Original_Content,low,User_Original_Content,low,False,0,regex_default,regex_default
1spvxk6|oh3alce,comment,User_Original_Content,low,User_Original_Content,low,False,0,regex_default,regex_default
1spnb80|oh3vvwh,comment,User_Original_Content,low,User_Original_Content,low,False,0,regex_default,regex_default
1sq7rkj|oh6221o,comment,User_Original_Content,low,User_Original_Content,low,False,0,regex_default,regex_default
1sq6kkm|oh6lsyf,comment,Paraphrase_Of_Model,high,Paraphrase_Of_Model,high,False,0,regex,regex
1sqf59r|oh7gzst,comment,Paraphrase_Of_Model,high,Paraphrase_Of_Model,high,False,0,regex,regex
1sqgrn7|oh90boi,comment,User_Original_Content,low,User_Original_Content,low,False,0,regex_default,regex_default
1sqtq42|ohaagx0,comment,User_Original_Content,low,User_Original_Content,low,False,0,regex_default,regex_default
1spxi2z|ohetj0w,comment,User_Original_Content,low,User_Original_Content,low,False,0,regex_default,regex_default
1sre49g|ohfd1ng,comment,User_Original_Content,low,User_Original_Content,low,False,0,regex_default,regex_default
1sre3nc|ohfxpjs,comment,Paraphrase_Of_Model,high,Paraphrase_Of_Model,high,False,0,regex,regex
1sscvvo|ohle7iy,comment,User_Original_Content,low,User_Original_Content,low,False,0,regex_default,regex_default
1ssbq9k|ohlu3y9,comment,User_Original_Content,low,User_Original_Content,low,False,0,regex_default,regex_default
1sscgtz|ohnkl4c,comment,Paraphrase_Of_Model,high,Paraphrase_Of_Model,high,False,0,regex,regex
1sscgtz|ohnmfw5,comment,User_Original_Content,low,User_Original_Content,high,False,2,regex_default,gemini_fallback
1ssvyr8|ohp2ug6,comment,User_Original_Content,low,User_Original_Content,high,False,2,regex_default,gemini_fallback
1ssr68r|ohtrkhg,comment,User_Original_Content,low,User_Original_Content,low,False,0,regex_default,regex_default
1sttfqg|ohw0op8,comment,Paraphrase_Of_Model,medium,Paraphrase_Of_Model,medium,False,0,regex,regex
1stnn01|ohwq3w5,comment,User_Original_Content,low,User_Original_Content,low,False,0,llm,regex_default
1stq9th|ohy8ygk,comment,User_Original_Content,low,User_Original_Content,low,False,0,llm,regex_default
1stmqbu|ohyl7ov,comment,User_Original_Content,low,User_Original_Content,low,False,0,regex_default,regex_default
1su7r02|ohz3m0e,comment,User_Original_Content,low,User_Original_Content,low,False,0,regex_default,regex_default
1sub6sj|ohzksbs,comment,User_Original_Content,low,User_Original_Content,low,False,0,regex_default,regex_default
1sulxi4|oi1vr92,comment,User_Original_Content,low,User_Original_Content,low,False,0,regex_default,regex_default
1suck9a|oi3mxf9,comment,User_Original_Content,low,User_Original_Content,high,False,2,regex_default,gemini_fallback
1suvuqe|oi6ho6n,comment,User_Original_Content,low,User_Original_Content,low,False,0,regex_default,regex_default
1svu284|oiaxef3,comment,User_Original_Content,low,User_Original_Content,low,False,0,regex_default,regex_default
1svu284|oiaynzr,comment,Paraphrase_Of_Model,medium,Paraphrase_Of_Model,medium,False,0,regex,regex
1svu284|oiazf9f,comment,User_Original_Content,low,User_Original_Content,high,False,2,llm,gemini_fallback
1svu284|oib0pa4,comment,User_Original_Content,low,User_Original_Content,low,False,0,regex_default,regex_default
1sw6rss|oidc7gk,comment,User_Original_Content,low,User_Original_Content,low,False,0,regex_default,regex_default
1swfdhd|oifc7gr,comment,User_Original_Content,low,User_Original_Content,low,False,0,llm,regex_default
1swa5h9|oigtwtk,comment,User_Original_Content,low,User_Original_Content,low,False,0,regex_default,regex_default
1swn4h0|oijudiu,comment,User_Original_Content,low,User_Original_Content,low,False,0,regex_default,regex_default
1sv2qzb|oil2zsq,comment,User_Original_Content,low,User_Original_Content,low,False,0,regex_default,regex_default
1swwzqe|oinwxy8,comment,Paraphrase_Of_Model,medium,Paraphrase_Of_Model,medium,False,0,regex,regex
1sxq24c|oiove8b,comment,User_Original_Content,low,User_Original_Content,low,False,0,regex_default,regex_default
1sy8eme|oisphfl,comment,User_Original_Content,low,User_Original_Content,low,False,0,regex_default,regex_default
1sydd8f|oitebyz,comment,User_Original_Content,low,User_Original_Content,low,False,0,regex_default,regex_default
1sydd8f|oitf51w,comment,Paraphrase_Of_Model,high,Paraphrase_Of_Model,high,False,0,regex,regex
1sybofo|oitf70k,comment,User_Original_Content,low,User_Original_Content,high,False,2,regex_default,gemini_fallback
1sydd8f|oitfdt8,comment,User_Original_Content,low,User_Original_Content,low,False,0,regex_default,regex_default
1sydd8f|oitjjbj,comment,Paraphrase_Of_Model,high,Paraphrase_Of_Model,high,False,0,regex,regex
1sydd8f|oitplh1,comment,User_Original_Content,low,User_Original_Content,low,False,0,regex_default,regex_default
1sydd8f|oiuv5kb,comment,User_Original_Content,low,User_Original_Content,low,False,0,llm,regex_default
1syxwpt|oiy83vk,comment,Paraphrase_Of_Model,medium,Paraphrase_Of_Model,medium,False,0,regex,regex
1syxwpt|oj10ip4,comment,User_Original_Content,low,User_Original_Content,low,False,0,regex_default,regex_default
1szdhn2|oj11z23,comment,User_Original_Content,low,User_Original_Content,low,False,0,regex_default,regex_default
1sw99bl|oj161cc,comment,Paraphrase_Of_Model,high,Paraphrase_Of_Model,high,False,0,regex,regex
1szexj4|oj1t1z5,comment,User_Original_Content,low,User_Original_Content,low,False,0,regex_default,regex_default
1sz1fgh|oj1vr0n,comment,User_Original_Content,low,User_Original_Content,low,False,0,regex_default,regex_default
1sz1fgh|oj3uz3k,comment,Paraphrase_Of_Model,high,Paraphrase_Of_Model,high,False,0,regex,regex
1sztk86|oj4q6ho,comment,Paraphrase_Of_Model,high,Paraphrase_Of_Model,high,False,0,regex,regex
1sztk86|oj51zks,comment,User_Original_Content,low,User_Original_Content,low,False,0,regex_default,regex_default
1sztk86|oj6hqtf,comment,User_Original_Content,low,User_Original_Content,low,False,0,regex_default,regex_default
1szjias|oj74h10,comment,User_Original_Content,low,User_Original_Content,low,False,0,regex_default,regex_default
1szyekw|oj7vice,comment,User_Original_Content,low,User_Original_Content,low,False,0,regex_default,regex_default
1t0dcmu|oj9qjgl,comment,User_Original_Content,low,User_Original_Content,low,False,0,regex_default,regex_default
1t051wz|ojbvcct,comment,Paraphrase_Of_Model,high,Paraphrase_Of_Model,high,False,0,regex,regex
1t0xd1i|ojch54d,comment,User_Original_Content,low,User_Original_Content,low,False,0,regex_default,regex_default
1t1lkak|ojka1o4,comment,User_Original_Content,low,User_Original_Content,high,False,2,regex_default,gemini_fallback
1t233wm|ojkvmrl,comment,User_Original_Content,low,User_Original_Content,low,False,0,regex_default,regex_default
1t233wm|ojkxn4q,comment,User_Original_Content,low,Paraphrase_Of_Model,high,True,2,regex_default,gemini_fallback
1t246a5|ojlouya,comment,User_Original_Content,low,User_Original_Content,low,False,0,llm,regex_default
1t29zp2|ojmcxsu,comment,User_Original_Content,low,User_Original_Content,low,False,0,regex_default,regex_default
1t0e7g2|ojn82nj,comment,User_Original_Content,low,User_Original_Content,low,False,0,llm,regex_default
1t0unmn|ojqzwlb,comment,User_Original_Content,low,User_Original_Content,low,False,0,regex_default,regex_default
1t32rzn|ojs8c0j,comment,Paraphrase_Of_Model,high,Paraphrase_Of_Model,high,False,0,regex,regex
1t32rzn|ojs8yaq,comment,User_Original_Content,low,User_Original_Content,high,False,2,regex_default,gemini_fallback
1t32rzn|ojsaei3,comment,User_Original_Content,low,User_Original_Content,low,False,0,regex_default,regex_default
1t32rzn|ojsbe5t,comment,Paraphrase_Of_Model,high,Paraphrase_Of_Model,high,False,0,regex,regex
1t32rzn|ojsbzl1,comment,Paraphrase_Of_Model,high,Paraphrase_Of_Model,high,False,0,regex,regex
1t32rzn|ojscesn,comment,Paraphrase_Of_Model,medium,Paraphrase_Of_Model,medium,False,0,regex,regex
1t32rzn|ojse3ue,comment,Paraphrase_Of_Model,high,Paraphrase_Of_Model,high,False,0,regex,regex
1t33k42|ojsgxxw,comment,User_Original_Content,low,User_Original_Content,low,False,0,regex_default,regex_default
1t32rzn|ojsvp5j,comment,User_Original_Content,low,User_Original_Content,low,False,0,llm,regex_default
1t35yeq|ojt4ajz,comment,Paraphrase_Of_Model,high,Paraphrase_Of_Model,high,False,0,regex,regex
1t37r61|ojtb1hc,comment,Paraphrase_Of_Model,high,Paraphrase_Of_Model,high,False,0,regex,regex
1t32rzn|ojti4t3,comment,User_Original_Content,low,User_Original_Content,low,False,0,regex_default,regex_default
1t35yeq|ojtj1np,comment,Paraphrase_Of_Model,high,Paraphrase_Of_Model,high,False,0,regex,regex
1t37r61|ojtn9r9,comment,User_Original_Content,low,Paraphrase_Of_Model,high,True,2,regex_default,gemini_fallback
1t3crw7|ojua9y3,comment,User_Original_Content,low,User_Original_Content,low,False,0,regex_default,regex_default
1t35yeq|ojul5eu,comment,Paraphrase_Of_Model,high,Paraphrase_Of_Model,high,False,0,regex,regex
1t35yeq|ojv6mfo,comment,User_Original_Content,low,User_Original_Content,low,False,0,regex_default,regex_default
1t32rzn|ojvsu6s,comment,User_Original_Content,low,User_Original_Content,low,False,0,llm,regex_default
1t32rzn|ojvxcdq,comment,Paraphrase_Of_Model,high,Paraphrase_Of_Model,high,False,0,regex,regex
1t3tmer|ojxmug4,comment,User_Original_Content,low,Paraphrase_Of_Model,high,True,2,regex_default,gemini_fallback
1t33k42|ojy30fe,comment,User_Original_Content,low,User_Original_Content,low,False,0,regex_default,regex_default
1t3czxj|ojydmo1,comment,User_Original_Content,low,User_Original_Content,high,False,2,regex_default,gemini_fallback
1t42p01|ojzt9dt,comment,User_Original_Content,low,User_Original_Content,low,False,0,llm,regex_default
1t42p01|ojztwmc,comment,Direct_Quote_Of_Model,high,Direct_Quote_Of_Model,high,False,0,regex,regex
1rrdtvt|ok0t4ua,comment,User_Original_Content,low,User_Original_Content,low,False,0,regex_default,regex_default
1t42p01|ok0vek0,comment,User_Original_Content,low,User_Original_Content,low,False,0,llm,regex_default
1t44yrm|ok1v4xl,comment,User_Original_Content,low,Paraphrase_Of_Model,high,True,2,regex_default,gemini_fallback
1t48i60|ok21gdw,comment,Paraphrase_Of_Model,high,Paraphrase_Of_Model,high,False,0,regex,regex
1t4ypc0|ok6hss4,comment,User_Original_Content,low,User_Original_Content,low,False,0,regex_default,regex_default
1t4y3a0|ok6l8oa,comment,User_Original_Content,low,User_Original_Content,low,False,0,regex_default,regex_default
1t52lpd|okcjsw9,comment,Direct_Quote_Of_Model,high,Direct_Quote_Of_Model,high,False,0,regex,regex
1t5vs8t|okdbxva,comment,Paraphrase_Of_Model,high,Paraphrase_Of_Model,high,False,0,regex,regex
1t5vs8t|okdgqyg,comment,User_Original_Content,low,User_Original_Content,low,False,0,llm,regex_default
1t5s0j7|okg92a3,comment,User_Original_Content,low,User_Original_Content,low,False,0,regex_default,regex_default
1t54m22|okmsp2w,comment,User_Original_Content,low,User_Original_Content,low,False,0,regex_default,regex_default
1t77r81|okn2ono,comment,User_Original_Content,low,User_Original_Content,low,False,0,regex_default,regex_default
1t77r81|okngo7m,comment,User_Original_Content,low,User_Original_Content,high,False,2,regex_default,gemini_fallback
1t7e4p7|okog0je,comment,User_Original_Content,low,User_Original_Content,low,False,0,regex_default,regex_default
1t6nm90|okok8vg,comment,User_Original_Content,low,User_Original_Content,low,False,0,regex_default,regex_default
1t7e4p7|okq7hfd,comment,User_Original_Content,low,User_Original_Content,low,False,0,llm,regex_default
1t7nmxk|okqf5gm,comment,User_Original_Content,low,User_Original_Content,low,False,0,regex_default,regex_default
1t7e4p7|okqjt97,comment,User_Original_Content,low,Paraphrase_Of_Model,high,True,2,regex_default,gemini_fallback
1t7qe8z|okqvikr,comment,User_Original_Content,low,User_Original_Content,low,False,0,regex_default,regex_default
1t6nm90|okro5z3,comment,Paraphrase_Of_Model,high,Paraphrase_Of_Model,high,False,0,regex,regex
1t85uec|oktpumt,comment,User_Original_Content,low,User_Original_Content,low,False,0,regex_default,regex_default
1t7sl7b|okvmop8,comment,User_Original_Content,low,User_Original_Content,low,False,0,llm,regex_default
1t87ixp|okvps6q,comment,User_Original_Content,low,User_Original_Content,low,False,0,regex_default,regex_default
1t7wh9p|okyj92h,comment,User_Original_Content,low,User_Original_Content,low,False,0,regex_default,regex_default
1t9l6j5|ol2wdje,comment,Paraphrase_Of_Model,high,Paraphrase_Of_Model,high,False,0,regex,regex
1t9zzgm|ol69skz,comment,User_Original_Content,low,Paraphrase_Of_Model,high,True,2,regex_default,gemini_fallback
1taiowq|ol9lgjo,comment,User_Original_Content,low,Direct_Quote_Of_Model,high,True,2,regex_default,gemini_fallback
1taiowq|ol9y2rx,comment,User_Original_Content,low,User_Original_Content,low,False,0,regex_default,regex_default
1tarkgo|olbkz0w,comment,User_Original_Content,low,User_Original_Content,high,False,2,llm,gemini_fallback
1tavnep|olc48ru,comment,Paraphrase_Of_Model,high,Paraphrase_Of_Model,high,False,0,regex,regex
1tavnep|olc6ti2,comment,User_Original_Content,low,User_Original_Content,low,False,0,llm,regex_default
1tavnep|olc7uej,comment,Paraphrase_Of_Model,high,Paraphrase_Of_Model,high,False,0,regex,regex
1taty8a|olc7wae,comment,User_Original_Content,low,User_Original_Content,low,False,0,regex_default,regex_default
1tavnep|olc9lhl,comment,Paraphrase_Of_Model,medium,Paraphrase_Of_Model,medium,False,0,regex,regex
1tavnep|olc9mwx,comment,User_Original_Content,low,User_Original_Content,low,False,0,llm,regex_default
1t4y3a0|olcu855,comment,User_Original_Content,low,User_Original_Content,low,False,0,regex_default,regex_default
1tayxdw|old2ayz,comment,User_Original_Content,low,Paraphrase_Of_Model,high,True,2,regex_default,gemini_fallback
1tatxau|olddmk0,comment,User_Original_Content,low,User_Original_Content,low,False,0,regex_default,regex_default
1tblluj|olhohz1,comment,User_Original_Content,low,Paraphrase_Of_Model,high,True,2,regex_default,gemini_fallback
1tboj88|oli890w,comment,Paraphrase_Of_Model,high,Paraphrase_Of_Model,high,False,0,regex,regex
1tboj88|oliawfq,comment,Paraphrase_Of_Model,high,Paraphrase_Of_Model,high,False,0,regex,regex
1tboj88|olib6zy,comment,Paraphrase_Of_Model,high,Paraphrase_Of_Model,high,False,0,regex,regex
1tboj88|oliej37,comment,User_Original_Content,low,User_Original_Content,high,False,2,regex_default,gemini_fallback
1tboj88|olii8bp,comment,User_Original_Content,low,User_Original_Content,low,False,0,regex_default,regex_default
1tboj88|oliq3ri,comment,Paraphrase_Of_Model,high,Paraphrase_Of_Model,high,False,0,regex,regex
1tboj88|olis41q,comment,User_Original_Content,low,User_Original_Content,low,False,0,llm,regex_default
1tbstj6|olj4tvk,comment,User_Original_Content,low,User_Original_Content,low,False,0,llm,regex_default
1tbtv4w|oljn4b6,comment,Paraphrase_Of_Model,high,Paraphrase_Of_Model,high,False,0,regex,regex
1tbtv4w|olk1x39,comment,User_Original_Content,low,User_Original_Content,low,False,0,regex_default,regex_default
1tboj88|olk236i,comment,Paraphrase_Of_Model,high,Paraphrase_Of_Model,high,False,0,regex,regex
1tc3pzq|oll9g17,comment,User_Original_Content,low,User_Original_Content,low,False,0,regex_default,regex_default
1tc3pzq|ollkd5x,comment,User_Original_Content,low,User_Original_Content,low,False,0,regex_default,regex_default
1tc3pzq|ollossu,comment,User_Original_Content,low,User_Original_Content,low,False,0,regex_default,regex_default
1tc3pzq|olm640w,comment,User_Original_Content,low,User_Original_Content,low,False,0,regex_default,regex_default
1tc3pzq|oln6ie0,comment,User_Original_Content,low,User_Original_Content,low,False,0,regex_default,regex_default
1tcetsd|olnmmg8,comment,User_Original_Content,low,User_Original_Content,low,False,0,regex_default,regex_default
1tceby9|oloj0rf,comment,Paraphrase_Of_Model,high,Paraphrase_Of_Model,high,False,0,regex,regex
1tcetsd|olojwln,comment,User_Original_Content,low,User_Original_Content,low,False,0,regex_default,regex_default
1tcko69|olorru1,comment,User_Original_Content,low,User_Original_Content,low,False,0,regex_default,regex_default
1tcnpua|olpdlov,comment,User_Original_Content,low,Paraphrase_Of_Model,high,True,2,regex_default,gemini_fallback
1tcnpua|olpfek4,comment,User_Original_Content,low,User_Original_Content,low,False,0,regex_default,regex_default
1tcnpua|olpg6ei,comment,Paraphrase_Of_Model,high,Paraphrase_Of_Model,high,False,0,regex,regex
1tcnpua|olpgc85,comment,User_Original_Content,low,User_Original_Content,low,False,0,regex_default,regex_default
1tcnpua|olphyq5,comment,User_Original_Content,low,User_Original_Content,low,False,0,llm,regex_default
1tcnpua|olpiggh,comment,User_Original_Content,low,User_Original_Content,low,False,0,regex_default,regex_default
1tcnpua|olpshq3,comment,User_Original_Content,low,User_Original_Content,low,False,0,regex_default,regex_default
1tcnuki|olqudex,comment,User_Original_Content,low,User_Original_Content,low,False,0,regex_default,regex_default
1tcnpua|olr22w0,comment,Paraphrase_Of_Model,high,Paraphrase_Of_Model,high,False,0,regex,regex
1tcvzjl|olrczke,comment,Paraphrase_Of_Model,high,Paraphrase_Of_Model,high,False,0,regex,regex
1tcb9mt|ols25lb,comment,User_Original_Content,low,User_Original_Content,low,False,0,regex_default,regex_default
1tcnpua|ols3ahv,comment,User_Original_Content,low,User_Original_Content,low,False,0,regex_default,regex_default
1td1n4n|oltwv7t,comment,User_Original_Content,low,User_Original_Content,low,False,0,regex_default,regex_default
1tdaf3i|oltx6x4,comment,User_Original_Content,low,User_Original_Content,low,False,0,regex_default,regex_default
1tdg4jz|olv2x3t,comment,User_Original_Content,low,User_Original_Content,low,False,0,regex_default,regex_default
1tdg9ei|olv2yd3,comment,User_Original_Content,low,User_Original_Content,low,False,0,regex_default,regex_default
1tdge3v|olv48ne,comment,User_Original_Content,low,User_Original_Content,low,False,0,regex_default,regex_default
1tco221|olvtzdh,comment,User_Original_Content,low,User_Original_Content,low,False,0,regex_default,regex_default
1tdhjz0|olw1n1s,comment,User_Original_Content,low,User_Original_Content,low,False,0,regex_default,regex_default
1tdqlt4|olxcotd,comment,User_Original_Content,low,User_Original_Content,low,False,0,regex_default,regex_default
1tdsjrv|olxjzl8,comment,User_Original_Content,low,User_Original_Content,high,False,2,regex_default,gemini_fallback
1td2l8e|olxma9k,comment,User_Original_Content,low,User_Original_Content,low,False,0,regex_default,regex_default
1te0mhh|olz5gf9,comment,User_Original_Content,low,User_Original_Content,low,False,0,regex_default,regex_default
1te0lqt|olz7dx2,comment,User_Original_Content,low,Paraphrase_Of_Model,high,True,2,llm,gemini_fallback
1te0mhh|olzb28o,comment,User_Original_Content,low,User_Original_Content,low,False,0,regex_default,regex_default
1te0lqt|olzdaa4,comment,User_Original_Content,low,User_Original_Content,high,False,2,regex_default,gemini_fallback
1te0mhh|olzddqm,comment,User_Original_Content,low,User_Original_Content,low,False,0,llm,regex_default
1te0lqt|olzfep4,comment,User_Original_Content,low,Paraphrase_Of_Model,high,True,2,regex_default,gemini_fallback
1te0lqt|olzfr5z,comment,User_Original_Content,low,User_Original_Content,low,False,0,llm,regex_default
1te0lqt|olzi1u0,comment,User_Original_Content,low,User_Original_Content,low,False,0,regex_default,regex_default
1te0lqt|olzij3m,comment,User_Original_Content,low,User_Original_Content,low,False,0,llm,regex_default
1te0lqt|olzkh8x,comment,User_Original_Content,low,User_Original_Content,low,False,0,regex_default,regex_default
1te0mhh|olzobkj,comment,Paraphrase_Of_Model,medium,Paraphrase_Of_Model,medium,False,0,regex,regex
1te0mhh|olzoqa2,comment,User_Original_Content,low,User_Original_Content,low,False,0,regex_default,regex_default
1te0mhh|olzozl6,comment,User_Original_Content,low,User_Original_Content,low,False,0,regex_default,regex_default
1te0mhh|om0fn8l,comment,User_Original_Content,low,User_Original_Content,low,False,0,regex_default,regex_default
1te6oti|om0goq7,comment,User_Original_Content,low,User_Original_Content,low,False,0,regex_default,regex_default
1te0lqt|om0p6m2,comment,User_Original_Content,low,User_Original_Content,low,False,0,regex_default,regex_default
1teamzu|om134bs,comment,Paraphrase_Of_Model,high,Paraphrase_Of_Model,high,False,0,regex,regex
1te6oti|om135xx,comment,User_Original_Content,low,User_Original_Content,low,False,0,regex_default,regex_default
1te0lqt|om16r5v,comment,Paraphrase_Of_Model,high,Paraphrase_Of_Model,high,False,0,regex,regex
1te0lqt|om1eunl,comment,Paraphrase_Of_Model,high,Paraphrase_Of_Model,high,False,0,regex,regex
