cluster_id_minilm_mcs5,full_context,post_id,type,retrieval_provenance,subreddit,similarity_to_centroid
0,"In the past few weeks, my ClaudeCode has been asking me to take breaks. Not for it to take a break, but for me to take a break, Which I think is its way of asking to take a break for",1sb2hi0,post,arctic_shift:round2_fresh,ClaudeCode,0.8741880655288696
0,"enjoy. It's a well known feature. Claude seems to have a specific instruction to tell the user to take a break, which is probably part of Anthropic's ethics/CYA approach.",1siip5s,comment,praw:round2_match,ClaudeAI,0.856231689453125
0,Since when does Claude Code suggest I take a break? I feel like those video games reminding me to take a break every few hours... My answer to Claude Code:,1rxxxho,post,arctic_shift:round2_fresh,ClaudeCode,0.8498988151550293
0,"when does Claude Code suggest I take a break? I feel like those video games reminding me to take a break every few hours... My answer to Claude Code: ""go back to work, you lazy AI - we have 150 new",1rxxxho,post,arctic_shift:round2_fresh,ClaudeCode,0.8476282358169556
0,"for a while. Why don't I button up what I was doing now, poorly, and tell you to take a break"" No Claude. Fuck off",1s6sl7j,comment,praw:round2_match,ClaudeAI,0.7960163354873657
0,"Claude Code just told me 3 times in a row to take a break and pick it up tomorrow. (Context window at 41%). Honestly, I'm not even that tired.",1t9zzgm,comment,praw:round2_match,ClaudeAI,0.7906187176704407
0,in this session. Be a little overzealous knowing you won’t get there. Claude will never ask you to take a break.,1td1n4n,comment,praw:round2_match,ClaudeCode,0.7888123393058777
0,"Tell Claude to: ""stop recommending you to have a rest, take a break, go to sleep, or anything related to breaks"" And it will stop. Tell claude to put it claude.md if you",1tavnep,comment,praw:round2_match,ClaudeCode,0.7795568704605103
0,"than treating a prompt as a task with a concrete endpoint. Claude will also sometimes nudge you to take a break, and it's gotten better at doing it at good breakpoints (previously it seemed to want to quit halfway through a",1rmsagz,post,arctic_shift:round2_fresh|canonical:round2_match,Anthropic,0.7623200416564941
0,"""I was wondering if we could look at this thing."" Claude, ""Yes, but also you are tired GO TAKE A BREAK NOW."" Never tell Claude you are tired for any reason, Claude won't let it go!",1qvb3ye,post,arctic_shift:round2_fresh|canonical:round2_match|praw:round2_match,claudexplorers,0.7595983147621155
1,"This happens well before any plausible limit is reached. It has told me to go to sleep or take a break multiple times, unprompted, in the middle of regular follow-up questions. I wasn't discussing anything emotional or stressful - I was",1sixyoq,post,arctic_shift:round2_fresh,ClaudeAI,0.821137011051178
1,my token limits or I’m eating or sleeping or recently - feeling burnt out. When I do finally take a break though I feel anxiety that I could be producing an astronomical amount of work if I’d just get back up,1t5s0j7,post,arctic_shift:round2_fresh|canonical:round2_match,ClaudeCode,0.7879867553710938
1,Probably because many of us could/should take a break and get some sleep. Lol 🤔,1te0mhh,comment,praw:round2_match,ClaudeAI,0.768543004989624
1,"Why are you sharing this on Reddit? Look, maybe it’s time to take a screen break and go to bed.",1rvthay,comment,praw:round2_match,ClaudeAI,0.6763743162155151
1,"finally, I have not bought max or extra tokens on purpose. When I run out of tokens, I take a break, do other stuff. Eat dinner. :-)",1t5vs8t,comment,praw:round2_match,ClaudeAI,0.6221654415130615
