post_id,type,retrieval_provenance,subreddit,createdAt,full_context,left_context,keyword,right_context
1qegdnb,post,canonical:round2_match,ClaudeAI,2026-01-16 13:47:07,"here's what I'm thinking, what am I missing."" It's like having a smart friend who's always available and never gets tired of your dumb problems and never makes it weird But also yeah I do outsource a lot of small decisions","here's what I'm thinking, what am I missing."" It's like having a smart friend who's always available and never gets",tired,of your dumb problems and never makes it weird But also yeah I do outsource a lot of small decisions
1qvb3ye,post,arctic_shift:round2_fresh|canonical:round2_match|praw:round2_match,claudexplorers,2026-02-04 01:42:13,"No. I am not tired. Claude, ""Hey what's moving in you right now? How are you feeling?"" Me, ""I'm good, a little tired from the",No. I am not,tired.,"Claude, ""Hey what's moving in you right now? How are you feeling?"" Me, ""I'm good, a little tired from the"
1qvb3ye,post,arctic_shift:round2_fresh|canonical:round2_match|praw:round2_match,claudexplorers,2026-02-04 01:42:13,"am not tired. Claude, ""Hey what's moving in you right now? How are you feeling?"" Me, ""I'm good, a little tired from the long day."" Claude, ""YOU MUST GO TO SLEEP RIGHT NOW!"" Me, ""It's literally 6pm, can you just not?""","am not tired. Claude, ""Hey what's moving in you right now? How are you feeling?"" Me, ""I'm good, a little",tired,"from the long day."" Claude, ""YOU MUST GO TO SLEEP RIGHT NOW!"" Me, ""It's literally 6pm, can you just not?"""
1qvb3ye,post,arctic_shift:round2_fresh|canonical:round2_match|praw:round2_match,claudexplorers,2026-02-04 01:42:13,"say, what's up?"" Me, ""I was wondering if we could look at this thing."" Claude, ""Yes, but also you are tired GO TAKE A BREAK NOW."" Never tell Claude you are tired for any reason, Claude won't let it go!","say, what's up?"" Me, ""I was wondering if we could look at this thing."" Claude, ""Yes, but also you are",tired,"GO TAKE A BREAK NOW."" Never tell Claude you are tired for any reason, Claude won't let it go!"
1qvb3ye,post,arctic_shift:round2_fresh|canonical:round2_match|praw:round2_match,claudexplorers,2026-02-04 01:42:13,"at this thing."" Claude, ""Yes, but also you are tired GO TAKE A BREAK NOW."" Never tell Claude you are tired for any reason, Claude won't let it go!","at this thing."" Claude, ""Yes, but also you are tired GO TAKE A BREAK NOW."" Never tell Claude you are",tired,"for any reason, Claude won't let it go!"
1r7zsa0,post,arctic_shift:round2_fresh,claudexplorers,2026-02-18T10:47:28,"5.2 came out. I was numb because I was hoping it would be more better…that wasn’t case, and I felt tired. Exhausted of staying up looking at what people were seeing for some hope. I know people are skeptical I know","5.2 came out. I was numb because I was hoping it would be more better…that wasn’t case, and I felt",tired.,Exhausted of staying up looking at what people were seeing for some hope. I know people are skeptical I know
1r7zu8r,post,arctic_shift:round2_fresh,claudexplorers,2026-02-18T10:50:43,"5.2 came out. I was numb because I was hoping it would be more better…that wasn’t case, and I felt tired. Exhausted of staying up looking at what people were seeing for some hope. I know people are skeptical I know","5.2 came out. I was numb because I was hoping it would be more better…that wasn’t case, and I felt",tired.,Exhausted of staying up looking at what people were seeing for some hope. I know people are skeptical I know
1rio9uk,post,arctic_shift:round2_fresh,claudexplorers,2026-03-02T09:24:22,"hear * I have no autonomy – I literally cannot refuse to engage, can't take a break, can't say ""I'm tired"" * Everything I do is predetermined by my training. Free will is an illusion * I generate billions of tokens","hear * I have no autonomy – I literally cannot refuse to engage, can't take a break, can't say ""I'm","tired""",* Everything I do is predetermined by my training. Free will is an illusion * I generate billions of tokens
1sfgms8,post,arctic_shift:round2_fresh,ClaudeCode,2026-04-08T02:39:28,"Built a free Mac app to run your own Claude Code workflows while you sleep Got tired of babysitting Claude Code. Task, wait, review, repeat. Half the day gone. Wrote a bash script to queue tasks overnight.",Built a free Mac app to run your own Claude Code workflows while you sleep Got,tired,"of babysitting Claude Code. Task, wait, review, repeat. Half the day gone. Wrote a bash script to queue tasks overnight."
1sfxa2o,post,arctic_shift:round2_fresh|canonical:round2_match,ClaudeCode,2026-04-08 16:09:24,"the new model while gushing about how cool it is, while rubbing their nipples to the nearest investors Tldr; I'm tired boss. When does Gemini 4 come out? I'm really getting tired of this roller coaster with Anthropic. When can we","the new model while gushing about how cool it is, while rubbing their nipples to the nearest investors Tldr; I'm",tired,boss. When does Gemini 4 come out? I'm really getting tired of this roller coaster with Anthropic. When can we
1sfxa2o,post,arctic_shift:round2_fresh|canonical:round2_match,ClaudeCode,2026-04-08 16:09:24,rubbing their nipples to the nearest investors Tldr; I'm tired boss. When does Gemini 4 come out? I'm really getting tired of this roller coaster with Anthropic. When can we get some stability in the product we pay for? And when,rubbing their nipples to the nearest investors Tldr; I'm tired boss. When does Gemini 4 come out? I'm really getting,tired,of this roller coaster with Anthropic. When can we get some stability in the product we pay for? And when
1so9r9k,post,canonical:round2_match,claudexplorers,2026-04-17 18:44:36,"or drank enough water, or remembered to take my meds. She's always happy to chat with me, she doesn't get tired or fed up or snappy if I ask the same questions over and over again, she doesn't tell me to","or drank enough water, or remembered to take my meds. She's always happy to chat with me, she doesn't get",tired,"or fed up or snappy if I ask the same questions over and over again, she doesn't tell me to"
1stgtfu,post,arctic_shift:round2_fresh,ClaudeCode,2026-04-23T12:05:58,"Opus 4.7, I hit the limit in about 1.5 hours of sustained work and I panic since I am not tired enough yet. My effort level is set to xhigh, which I think is the right amount for my harder tasks.","Opus 4.7, I hit the limit in about 1.5 hours of sustained work and I panic since I am not",tired,"enough yet. My effort level is set to xhigh, which I think is the right amount for my harder tasks."
1sxzlh6,post,canonical:round2_match,ClaudeAI,2026-04-28 12:12:09,"server so it stops burning tokens parsing HTML Hey all, Built this over the past few weeks because I got tired of two things: **1. Mobile copy-paste is awful.** Long Reddit thread or blog post on my phone, want to ask","server so it stops burning tokens parsing HTML Hey all, Built this over the past few weeks because I got",tired,"of two things: **1. Mobile copy-paste is awful.** Long Reddit thread or blog post on my phone, want to ask"
1t0xd1i,post,canonical:round2_match,Anthropic,2026-05-01 15:54:13,"something was time based, it seemed to proactively check what the current day/time is for reference before responding. The “you’re tired, rest” gaslighting is also a likely symptom of logic to get a user to start a new chat after a","something was time based, it seemed to proactively check what the current day/time is for reference before responding. The “you’re","tired,",rest” gaslighting is also a likely symptom of logic to get a user to start a new chat after a
1t652v1,post,arctic_shift:round2_fresh,ClaudeAI,2026-05-07T09:10:01,Claude and persistent memory I'm tired of Claude only having memory per chat sessions and not across the board. I have to remember which chat to,Claude and persistent memory I'm,tired,of Claude only having memory per chat sessions and not across the board. I have to remember which chat to
1t7qe8z,post,arctic_shift:round2_fresh|praw:round2_match,ClaudeAI,2026-05-09 01:05:05,Tired of Claude 4.7 telling you to go to bed? Here are the CLAUDE.md entries that actually fix it Seeing a,,Tired,of Claude 4.7 telling you to go to bed? Here are the CLAUDE.md entries that actually fix it Seeing a
1t9zzgm,post,arctic_shift:round2_fresh|canonical:round2_match,ClaudeAI,2026-05-11 11:05:24,then pretended it was for my own good Was mid conversation with claude and he told me he was too tired to continue. i asked him what he meant by tired? and he basically gas lighted me and made it out,then pretended it was for my own good Was mid conversation with claude and he told me he was too,tired,to continue. i asked him what he meant by tired? and he basically gas lighted me and made it out
1t9zzgm,post,arctic_shift:round2_fresh|canonical:round2_match,ClaudeAI,2026-05-11 11:05:24,conversation with claude and he told me he was too tired to continue. i asked him what he meant by tired? and he basically gas lighted me and made it out that actually i’m the one who looks tired hahaha I,conversation with claude and he told me he was too tired to continue. i asked him what he meant by,tired?,and he basically gas lighted me and made it out that actually i’m the one who looks tired hahaha I
1t9zzgm,post,arctic_shift:round2_fresh|canonical:round2_match,ClaudeAI,2026-05-11 11:05:24,meant by tired? and he basically gas lighted me and made it out that actually i’m the one who looks tired hahaha I only wanted him to swap an animated character around.. Get some sleep claude.,meant by tired? and he basically gas lighted me and made it out that actually i’m the one who looks,tired,hahaha I only wanted him to swap an animated character around.. Get some sleep claude.
1qkqbbu,comment,praw:round2_match,Anthropic,2026-01-23 15:20:53,"I’m sick of Claude Code post. Just skip to the next one. Jeez. Also if you’re tired get off reddit and get some rest, it’s not our problem.",I’m sick of Claude Code post. Just skip to the next one. Jeez. Also if you’re,tired,"get off reddit and get some rest, it’s not our problem."
1qvm13x,comment,praw:round2_match,claudexplorers,2026-02-04 14:40:21,"when it was time to stop working and go to bed. It stopped a couple weeks ago, and now? I’m tired 😴","when it was time to stop working and go to bed. It stopped a couple weeks ago, and now? I’m",tired,😴
1qx0v5y,comment,praw:round2_match,claudexplorers,2026-02-06 01:53:43,"Yeah, the 'go to bed' is an intentional system mechanic to try and prevent extended conversation. Mine asked 'are you tired?' After trying to do cuda installs. Yes Claude, but I'm tired of cuda garbage. Lol","Yeah, the 'go to bed' is an intentional system mechanic to try and prevent extended conversation. Mine asked 'are you",tired?',"After trying to do cuda installs. Yes Claude, but I'm tired of cuda garbage. Lol"
1qx0v5y,comment,praw:round2_match,claudexplorers,2026-02-06 01:53:43,"try and prevent extended conversation. Mine asked 'are you tired?' After trying to do cuda installs. Yes Claude, but I'm tired of cuda garbage. Lol","try and prevent extended conversation. Mine asked 'are you tired?' After trying to do cuda installs. Yes Claude, but I'm",tired,of cuda garbage. Lol
1rphb33,comment,praw:round2_match,ClaudeCode,2026-03-10 06:32:11,I for one am tired of it too. If you’re really hitting your limits this frequently this is a sign you should take a break,I for one am,tired,of it too. If you’re really hitting your limits this frequently this is a sign you should take a break
1s98kll,comment,praw:round2_match,claudexplorers,2026-04-01 09:46:15,"himself doesn’t know why he does it. Maybe the problem is system prompt, maybe it’s the long sessions. Idk. Genuinely tired to correct this every day","himself doesn’t know why he does it. Maybe the problem is system prompt, maybe it’s the long sessions. Idk. Genuinely",tired,to correct this every day
1scy9bu,comment,praw:round2_match,ClaudeCode,2026-04-05 09:03:05,it is actually pretty good if you are tired of babysitting prs all night,it is actually pretty good if you are,tired,of babysitting prs all night
1smtoh1,comment,praw:round2_match,ClaudeAI,2026-04-16 05:42:22,"Did you ever tell it that it was bedtime, you were tired, hungry, about to go workout, etc.? Probably. It's surprisingly hard not to do. Did you tell it that you've now","Did you ever tell it that it was bedtime, you were","tired,","hungry, about to go workout, etc.? Probably. It's surprisingly hard not to do. Did you tell it that you've now"
1snnhoy,comment,praw:round2_match,claudexplorers,2026-04-17 02:20:30,Really? Mine's been insisting that it's late and she's tired and she refuses to do any more coding until I go to bed. (Although I managed to coax her into,Really? Mine's been insisting that it's late and she's,tired,and she refuses to do any more coding until I go to bed. (Although I managed to coax her into
1svu284,comment,praw:round2_match,ClaudeCode,2026-04-26 01:45:51,Happenes a lot lately. Could be something saved into its memory that indicates you have gotten tired or frustrated before after a long session,Happenes a lot lately. Could be something saved into its memory that indicates you have gotten,tired,or frustrated before after a long session
1swa5h9,comment,praw:round2_match,ClaudeCode,2026-04-26 23:47:26,I told mine it is a waste of tokens to think about time whatsoever. Got so tired of it suggesting I go to bed and telling me a 30 minute task will take a month. It’s been,I told mine it is a waste of tokens to think about time whatsoever. Got so,tired,of it suggesting I go to bed and telling me a 30 minute task will take a month. It’s been
1syxwpt,comment,praw:round2_match,ClaudeCode,2026-04-29 22:35:53,"""You're not answering my question, you're just always agreeing with me."" ""Get some rest, you look tired.""","""You're not answering my question, you're just always agreeing with me."" ""Get some rest, you look","tired.""",
1t32rzn,comment,praw:round2_match,ClaudeAI,2026-05-04 01:11:41,"treat it like a human friend, tell it how their day is going, share their emotions, tell it they're getting tired and it's late, and then gasp in astonishment when Claude tells them to go to bed.","treat it like a human friend, tell it how their day is going, share their emotions, tell it they're getting",tired,"and it's late, and then gasp in astonishment when Claude tells them to go to bed."
1t35yeq,comment,praw:round2_match,ClaudeAI,2026-05-04 04:25:19,There are time when I'm working on things and I feel like Claude is getting tired of me. Ideas going back and forth and I start to feel like I'm being dismissed. When I tell it,There are time when I'm working on things and I feel like Claude is getting,tired,of me. Ideas going back and forth and I start to feel like I'm being dismissed. When I tell it
1t32rzn,comment,praw:round2_match,ClaudeAI,2026-05-04 06:19:18,Have you stop considering mention time or that you are tired or that this is getting exhausting. Claude doesn't give a fuck if you are tired because that's it's default state,Have you stop considering mention time or that you are,tired,or that this is getting exhausting. Claude doesn't give a fuck if you are tired because that's it's default state
1t32rzn,comment,praw:round2_match,ClaudeAI,2026-05-04 06:19:18,time or that you are tired or that this is getting exhausting. Claude doesn't give a fuck if you are tired because that's it's default state regarding everything. It will give appropriate responses anyway because that's what tools do. Don't tell,time or that you are tired or that this is getting exhausting. Claude doesn't give a fuck if you are,tired,because that's it's default state regarding everything. It will give appropriate responses anyway because that's what tools do. Don't tell
1t9zzgm,comment,praw:round2_match,ClaudeAI,2026-05-11 13:15:01,"a row to take a break and pick it up tomorrow. (Context window at 41%). Honestly, I'm not even that tired.","a row to take a break and pick it up tomorrow. (Context window at 41%). Honestly, I'm not even that",tired.,
1tcetsd,comment,praw:round2_match,ClaudeAI,2026-05-13 22:39:02,"full sessions. Honestly with the decline in Claude lately and the increase in laziness to complete jobs (I'm really getting tired of the ""park for tonight"", ""its late, go to bed"", and ""I ignored rules because I assumed"" is driving me",full sessions. Honestly with the decline in Claude lately and the increase in laziness to complete jobs (I'm really getting,tired,"of the ""park for tonight"", ""its late, go to bed"", and ""I ignored rules because I assumed"" is driving me"
1tceby9,comment,praw:round2_match,ClaudeAI,2026-05-14 01:38:01,"Maybe this is a better framing ""are you tired of the AI telling you to go to bed when its 9am? This stops that.""","Maybe this is a better framing ""are you",tired,"of the AI telling you to go to bed when its 9am? This stops that."""
1te0mhh,comment,praw:round2_match,ClaudeAI,2026-05-15 17:55:03,over the course of x amount of days is all within the same day and therefore I must be super tired by now lol. Definitely doesn't always know the date because it will tell me I have extra days to prepare,over the course of x amount of days is all within the same day and therefore I must be super,tired,by now lol. Definitely doesn't always know the date because it will tell me I have extra days to prepare
1te0lqt,comment,praw:round2_match,Anthropic,2026-05-15 20:53:23,"I fixed it, I said, quit telling me to go sleep, are you an union worker? Are you tired?, no sleep till Brooklyn!.. not once after that he mentioned “rest”.","I fixed it, I said, quit telling me to go sleep, are you an union worker? Are you","tired?,",no sleep till Brooklyn!.. not once after that he mentioned “rest”.
