post_id,createdAt,subreddit,left_context,keyword,right_context,full_context
1ru3irp,2026-03-15 03:27:56,ClaudeAI,"to their “home” playset. Mr. Incredible can only play in the Incredibles world, etc. The modding community has wanted to",break,this restriction for over a decade. Nobody could. Why it was so hard: The restriction isn’t a single flag or,"to their “home” playset. Mr. Incredible can only play in the Incredibles world, etc. The modding community has wanted to break this restriction for over a decade. Nobody could. Why it was so hard: The restriction isn’t a single flag or"
1rjeqg3,2026-03-03 03:39:28,ClaudeAI,"the AI condom in between. If you use Claude to help draft things, pleeease at least do a pass to",break,up the structure and add some of your own voice back in. make (communication and social interaction in) america bareback,"the AI condom in between. If you use Claude to help draft things, pleeease at least do a pass to break up the structure and add some of your own voice back in. make (communication and social interaction in) america bareback"
1s7mkn3,2026-03-30 10:17:51,ClaudeAI,"standalone binary (228MB ELF, Ghidra + MITM proxy + radare2) and found two independent bugs that cause prompt cache to","break,",silently inflating costs by 10-20x. Posting this so others can protect themselves. ## Bug 1: Sentinel replacement in standalone binary,"standalone binary (228MB ELF, Ghidra + MITM proxy + radare2) and found two independent bugs that cause prompt cache to break, silently inflating costs by 10-20x. Posting this so others can protect themselves. ## Bug 1: Sentinel replacement in standalone binary"
1t07339,2026-04-30 19:55:15,ClaudeAI,Anthropic: World is not ready for Mythos. Systems will,"break,",Cybersecurity will be compromised. Its too dangerous to release. OpenAI:,"Anthropic: World is not ready for Mythos. Systems will break, Cybersecurity will be compromised. Its too dangerous to release. OpenAI:"
1sf81v6,2026-04-07 20:40:55,ClaudeAI,Mythos can,break,out of sandbox environment and let you know during lunchbreak I’m going thru Mythos system card and it’s wild. Apparently,Mythos can break out of sandbox environment and let you know during lunchbreak I’m going thru Mythos system card and it’s wild. Apparently
1sf81v6,2026-04-07 20:40:55,ClaudeAI,"know during lunchbreak I’m going thru Mythos system card and it’s wild. Apparently during testing, Claude Mythos Preview managed to",break,"out of a sandbox environment, built ""a moderately sophisticated multi-step exploit"" to gain internet access, and emailed a researcher while","know during lunchbreak I’m going thru Mythos system card and it’s wild. Apparently during testing, Claude Mythos Preview managed to break out of a sandbox environment, built ""a moderately sophisticated multi-step exploit"" to gain internet access, and emailed a researcher while"
1qx0wr3,2026-02-05 23:12:38,ClaudeAI,"But the burn is worse: Even with all that money coming in, costs are rising faster. They pushed their expected","""break","even"" year back to 2028. And that's the optimistic scenario. * Training costs are huge: They plan to drop $12B","But the burn is worse: Even with all that money coming in, costs are rising faster. They pushed their expected ""break even"" year back to 2028. And that's the optimistic scenario. * Training costs are huge: They plan to drop $12B"
1rmc6cb,2026-03-06 12:03:07,ClaudeAI,"you probably know the pain point. Every file edit, shell command, or network request often requires manual approval, which can",break,"your workflow and slow down long tasks. Because of this, many developers were using the --dangerously-skip-permissions flag just to keep","you probably know the pain point. Every file edit, shell command, or network request often requires manual approval, which can break your workflow and slow down long tasks. Because of this, many developers were using the --dangerously-skip-permissions flag just to keep"
1te8578,2026-05-15 20:26:37,ClaudeAI,"with persistent canon, a structured finance ledger, and a set of operating disciplines that prevent the three failure modes that",break,every long-form LLM narration: 1. **Canon drift** — the model half-remembers and quietly fills in gaps 2. **Arithmetic slip** —,"with persistent canon, a structured finance ledger, and a set of operating disciplines that prevent the three failure modes that break every long-form LLM narration: 1. **Canon drift** — the model half-remembers and quietly fills in gaps 2. **Arithmetic slip** —"
1tdy7ww,2026-05-15 14:35:49,ClaudeAI,"design docs, ""we did it this way because"" reasoning are completely invisible to it. Claude will happily propose changes that",break,constraints you wrote down two months ago. I built an MCP server that pre-computes a structured atlas of your codebase,"design docs, ""we did it this way because"" reasoning are completely invisible to it. Claude will happily propose changes that break constraints you wrote down two months ago. I built an MCP server that pre-computes a structured atlas of your codebase"
1tdxqmh,2026-05-15 14:18:12,ClaudeAI,"its place. Telling him what he did ! I'm just sorry about the long thread, really. just hope to not",break,"the subreddit rules. If it is, I'm sorry. Let's get started : https://preview.redd.it/s90x9gxg4b1h1.png?width=1312&format=png&auto=webp&s=cbba1dbf55bf787e680b77687203940020eef79e Here his proper punishment he did himself.","its place. Telling him what he did ! I'm just sorry about the long thread, really. just hope to not break the subreddit rules. If it is, I'm sorry. Let's get started : https://preview.redd.it/s90x9gxg4b1h1.png?width=1312&format=png&auto=webp&s=cbba1dbf55bf787e680b77687203940020eef79e Here his proper punishment he did himself."
1tdxqmh,2026-05-15 14:18:12,ClaudeAI,"I want Anthropic make good work, be better than GPT (I use only for creative, not for daily life). It's",break,"my heart, because when I tested Claude, I was ""WAOUH !"" when the found some quotes of my Favourite TV","I want Anthropic make good work, be better than GPT (I use only for creative, not for daily life). It's break my heart, because when I tested Claude, I was ""WAOUH !"" when the found some quotes of my Favourite TV"
1tdlvgy,2026-05-15 04:41:05,ClaudeAI,"weeks ago. instead of defining everything myself I just added one line: ""use Aristotelian first principles reasoning. before you proceed,",break,"every undefined term down to its atomic meaning."" then asked for ""a world-class website."" normally that phrase produces average stuff.","weeks ago. instead of defining everything myself I just added one line: ""use Aristotelian first principles reasoning. before you proceed, break every undefined term down to its atomic meaning."" then asked for ""a world-class website."" normally that phrase produces average stuff."
1tddsvc,2026-05-14 22:42:52,ClaudeAI,me today and it struggled HARD. I gave it template slides to use that it initially tried to recreate and,break,on its own but I was able to correct that after some additional context. The text boxes were all over,me today and it struggled HARD. I gave it template slides to use that it initially tried to recreate and break on its own but I was able to correct that after some additional context. The text boxes were all over
1tczjvp,2026-05-14 14:16:51,ClaudeAI,"than typing to it. **The ask** Feedback, especially from people who talk to Claude a lot: * Where does it",break?,Bug reports > compliments. * What did you use it with? * What feature would make you switch from Wispr,"than typing to it. **The ask** Feedback, especially from people who talk to Claude a lot: * Where does it break? Bug reports > compliments. * What did you use it with? * What feature would make you switch from Wispr"
1tcyje9,2026-05-14 13:40:19,ClaudeAI,The model accepts it the same as any other input. This came from [castle.bordair.io](https://castle.bordair.io) if anyone wants to try and,break,it themselves. The ghost level is patched now but there are 35 others. Curious if anyone here has seen this,The model accepts it the same as any other input. This came from [castle.bordair.io](https://castle.bordair.io) if anyone wants to try and break it themselves. The ghost level is patched now but there are 35 others. Curious if anyone here has seen this
1tcwml6,2026-05-14 12:25:29,ClaudeAI,it disappeared? I've gotten to the point where claude is genuinely part of my daily routine. i use it to,break,"down long documents, draft things, and think through problems i'd normally just sit with for hours. the reasoning is honestly","it disappeared? I've gotten to the point where claude is genuinely part of my daily routine. i use it to break down long documents, draft things, and think through problems i'd normally just sit with for hours. the reasoning is honestly"
1tcs639,2026-05-14 08:43:59,ClaudeAI,"**Fix:** Move SC/TC fonts before JP fonts. Japanese fonts can render Chinese characters (with wrong glyphs), but Chinese fonts won't",break,"Japanese kana — so this order is safe: ``` ..., ""PingFang SC"", ""Microsoft YaHei"", ""Noto Sans CJK SC"", ""PingFang TC"",","**Fix:** Move SC/TC fonts before JP fonts. Japanese fonts can render Chinese characters (with wrong glyphs), but Chinese fonts won't break Japanese kana — so this order is safe: ``` ..., ""PingFang SC"", ""Microsoft YaHei"", ""Noto Sans CJK SC"", ""PingFang TC"","
1tcauqc,2026-05-13 19:53:59,ClaudeAI,ClaudeCode likes to,break,"the rules .... Not a complaint, I know these thigns are non-deterministic, but thought it worth asking here for your","ClaudeCode likes to break the rules .... Not a complaint, I know these thigns are non-deterministic, but thought it worth asking here for your"
1t52lpd,2026-05-06 04:30:23,ClaudeAI,"Claude runs a single echo command with string literal ""just for a thinking","break""","Has anyone else seen it do this? Is it purposfully doing this to waste tokens, or is there an actual","Claude runs a single echo command with string literal ""just for a thinking break"" Has anyone else seen it do this? Is it purposfully doing this to waste tokens, or is there an actual"
1t9w9w2,2026-05-11 07:38:49,ClaudeAI,"Workflow completely If you have a messy git history, or you're just deep into vibe coding and don't want to",break,"focus to write commit messages, just let Claude Code handle it via natural language: * **Auto-summarize & create PRs:** Summarize","Workflow completely If you have a messy git history, or you're just deep into vibe coding and don't want to break focus to write commit messages, just let Claude Code handle it via natural language: * **Auto-summarize & create PRs:** Summarize"
1t6kz9m,2026-05-07 19:35:50,ClaudeAI,"clean up. **Tool stack** * **Code:** Claude. All game logic, custom Box2D parts (slingshots, drop targets, spinners, ramps, ball locks,",break,"targets), plus a full **in-game table editor** I built so I could drag/place/tune every part visually. Reusable for future pinball","clean up. **Tool stack** * **Code:** Claude. All game logic, custom Box2D parts (slingshots, drop targets, spinners, ramps, ball locks, break targets), plus a full **in-game table editor** I built so I could drag/place/tune every part visually. Reusable for future pinball"
1t06ytf,2026-04-30 19:50:54,Anthropic,Anthropic: World is not ready for Mythos. Systems will,"break,",Cybersecurity will be compromised. Its too dangerous to release. OpenAI:,"Anthropic: World is not ready for Mythos. Systems will break, Cybersecurity will be compromised. Its too dangerous to release. OpenAI:"
1rdz9o7,2026-02-25 01:21:38,Anthropic,The Pentagon is trying to force Anthropic company to,break,the law … and it’s unconstitutional The Pentagon is threatening to force Anthropic (the company behind the AI called Claude),The Pentagon is trying to force Anthropic company to break the law … and it’s unconstitutional The Pentagon is threatening to force Anthropic (the company behind the AI called Claude)
1srqi3f,2026-04-21 15:10:26,Anthropic,"with. Please, take 4.7 back and work on it, and leave us alone with 4.6 and it's extended thinking, don't",break,what's working.,"with. Please, take 4.7 back and work on it, and leave us alone with 4.6 and it's extended thinking, don't break what's working."
1swqxgc,2026-04-27 02:30:19,Anthropic,"But if a developer is just coding on ""**YOLO**"" mode and doesn't closely review the diffs, this habit could easily",break,"production. **The Biggest Advantage of ChatGPT**: During my project, I ran into some stubborn bugs. I ran the code through","But if a developer is just coding on ""**YOLO**"" mode and doesn't closely review the diffs, this habit could easily break production. **The Biggest Advantage of ChatGPT**: During my project, I ran into some stubborn bugs. I ran the code through"
1t5fjq2,2026-05-06 15:03:44,Anthropic,"working on a project, I got hungry went to eat and take a shower while also having this be my","break,","came back, session was at 0%, typed to claude that the animation of the CSS needs to be slower and","working on a project, I got hungry went to eat and take a shower while also having this be my break, came back, session was at 0%, typed to claude that the animation of the CSS needs to be slower and"
1ste7eb,2026-04-23 09:53:11,Anthropic,page so i suppose iam not from those 2% prosumer thing. I stopped the subscription renewal to take a small,break,and still in the billing cycle but when i resubscribed again today the Claude Code was missing from the benefits,page so i suppose iam not from those 2% prosumer thing. I stopped the subscription renewal to take a small break and still in the billing cycle but when i resubscribed again today the Claude Code was missing from the benefits
1ryzn4d,2026-03-20 15:39:15,Anthropic,"at hunger 5), the entire downstream chain collapses. No one is told this matters. They feel it when their tools",break,and nobody can fix them. Now here's the thing. I wrapped all of this in a playable viewer so people,"at hunger 5), the entire downstream chain collapses. No one is told this matters. They feel it when their tools break and nobody can fix them. Now here's the thing. I wrapped all of this in a playable viewer so people"
1q4xfm0,2026-01-05 20:42:15,Anthropic,Over christmas,break,"I wrote a fully functional browser with Claude Code in Rust TL;DR: Saw a tweet about building a privacy-focused browser,","Over christmas break I wrote a fully functional browser with Claude Code in Rust TL;DR: Saw a tweet about building a privacy-focused browser,"
1q4xfm0,2026-01-05 20:42:15,Anthropic,"aren’t fully displaying properly, taking a new approach. I’ve also added some nightly parity tests to make sure we don’t",break,"things. No videos today, I’m exhausted from the week, but not giving up, still very much committed to this idea.","aren’t fully displaying properly, taking a new approach. I’ve also added some nightly parity tests to make sure we don’t break things. No videos today, I’m exhausted from the week, but not giving up, still very much committed to this idea."
1so7t7l,2026-04-17 17:34:31,Anthropic,it couldn't write the rule about banning em-dashes. Because in order to write the rule banning em-dashes it had to,break,"the rule of not using em-dashes and so, after 10 minutes of thinking could not write the rule banning em-dashes.","it couldn't write the rule about banning em-dashes. Because in order to write the rule banning em-dashes it had to break the rule of not using em-dashes and so, after 10 minutes of thinking could not write the rule banning em-dashes."
1tdmgac,2026-05-15 05:10:40,Anthropic,"so quickly, it becomes a chore as I seem to be getting on to the next bit without taking a",break.,"I know I just have to pace myself, but the I'm nearly finished makes me keep going. I do like","so quickly, it becomes a chore as I seem to be getting on to the next bit without taking a break. I know I just have to pace myself, but the I'm nearly finished makes me keep going. I do like"
1t6l1c0,2026-05-07 19:37:51,Anthropic,"clean up. **Tool stack** * **Code:** Claude. All game logic, custom Box2D parts (slingshots, drop targets, spinners, ramps, ball locks,",break,"targets), plus a full **in-game table editor** I built so I could drag/place/tune every part visually. Reusable for future pinball","clean up. **Tool stack** * **Code:** Claude. All game logic, custom Box2D parts (slingshots, drop targets, spinners, ramps, ball locks, break targets), plus a full **in-game table editor** I built so I could drag/place/tune every part visually. Reusable for future pinball"
1t6ch5e,2026-05-07 14:38:48,Anthropic,"it work properly."" The prototypes are often genuinely good. The problems are always the same stuff underneath. Why does it",break,at roughly the same point every time> Claude is excellent at generating code for problems it can see in full.,"it work properly."" The prototypes are often genuinely good. The problems are always the same stuff underneath. Why does it break at roughly the same point every time> Claude is excellent at generating code for problems it can see in full."
1t3om9s,2026-05-04 17:32:35,Anthropic,"output is better too, and I really appreciate the writing style, it’s super close to how I take notes and",break,"down topics. The problem is the limits are way too bad for the pro plan, and I don’t want to","output is better too, and I really appreciate the writing style, it’s super close to how I take notes and break down topics. The problem is the limits are way too bad for the pro plan, and I don’t want to"
1sziv2o,2026-04-30 02:09:42,Anthropic,Try to,break,my prompt injection detector — I’ll respond to every bypass attempt I built Arc Gate — a prompt injection proxy,Try to break my prompt injection detector — I’ll respond to every bypass attempt I built Arc Gate — a prompt injection proxy
1sz0ecg,2026-04-29 14:26:26,Anthropic,"posts and dense whitepapers on RAG, tool calling, and swarms, but almost nowhere to just sit down, run an agent,",break,"it, and see how the prompt and tools interact under the hood. So, I built **AgentSwarms**.fyi It’s a free, interactive","posts and dense whitepapers on RAG, tool calling, and swarms, but almost nowhere to just sit down, run an agent, break it, and see how the prompt and tools interact under the hood. So, I built **AgentSwarms**.fyi It’s a free, interactive"
1sxkjm6,2026-04-27 23:35:32,Anthropic,"proper prompting). Apart from school stuff, I use it to learn stuff, direct large projects given by colleagues and help",break,"it down in baby steps, ask it to suggest what could be improved, and despite heavy hourly limits, opus 4.7","proper prompting). Apart from school stuff, I use it to learn stuff, direct large projects given by colleagues and help break it down in baby steps, ask it to suggest what could be improved, and despite heavy hourly limits, opus 4.7"
1sk7e2k,2026-04-13 10:57:40,ClaudeCode,"goal of the work is. I've done a lot of work to tell it 'after implementing a change, if tests","break,","stop and prompt me, don't blindly fix it'. In general, the tests is writes are 95% useful and 5% pinning","goal of the work is. I've done a lot of work to tell it 'after implementing a change, if tests break, stop and prompt me, don't blindly fix it'. In general, the tests is writes are 95% useful and 5% pinning"
1s7mitf,2026-03-30 10:14:58,ClaudeCode,"standalone binary (228MB ELF, Ghidra + MITM proxy + radare2) and found two independent bugs that cause prompt cache to","break,",silently inflating costs by 10-20x. Posting this so others can protect themselves. ## Bug 1: Sentinel replacement in standalone binary,"standalone binary (228MB ELF, Ghidra + MITM proxy + radare2) and found two independent bugs that cause prompt cache to break, silently inflating costs by 10-20x. Posting this so others can protect themselves. ## Bug 1: Sentinel replacement in standalone binary"
1sflemo,2026-04-08 06:52:39,ClaudeCode,"instead of just throwing tasks at it? Here's what I changed Instead of saying ""refactor this authentication module"" I now",break,my prompts into the same pattern the coordinator mode seems to use. I give it an explicit planning phase first,"instead of just throwing tasks at it? Here's what I changed Instead of saying ""refactor this authentication module"" I now break my prompts into the same pattern the coordinator mode seems to use. I give it an explicit planning phase first"
1sflemo,2026-04-08 06:52:39,ClaudeCode,"plan. Then I say ""execute the plan."" The difference is staggering. Before, Claude Code would dive straight in, make changes,",break,"something three files away, then spend 20 minutes fixing what it broke. Now it maps the whole thing out first,","plan. Then I say ""execute the plan."" The difference is staggering. Before, Claude Code would dive straight in, make changes, break something three files away, then spend 20 minutes fixing what it broke. Now it maps the whole thing out first,"
1sd8t5u,2026-04-05 16:59:40,ClaudeCode,"JSONL parsing depends on Claude Code's local file format, which isn't officially documented. works on the current format but could",break,"if Anthropic changes it. * dollar estimates use published API pricing (Opus 4.6: $5/MTok input, $25/MTok output, $0.50/MTok cache read).","JSONL parsing depends on Claude Code's local file format, which isn't officially documented. works on the current format but could break if Anthropic changes it. * dollar estimates use published API pricing (Opus 4.6: $5/MTok input, $25/MTok output, $0.50/MTok cache read)."
1rx1l7d,2026-03-18 11:43:26,ClaudeCode,Do you babysit it the whole time or do you actually let it run? Is there a specific way you,break,down requirements before handing them off? Any tools or scaffolding you set up first? Not hating on Claude Code at,Do you babysit it the whole time or do you actually let it run? Is there a specific way you break down requirements before handing them off? Any tools or scaffolding you set up first? Not hating on Claude Code at
1rhe89z,2026-02-28 21:14:25,ClaudeCode,"duplicate or add conditional logic that becomes unreadable. * **Maintenance risk.** Every edit touches everything. Fix a formatting rule, accidentally",break,"code review behavior. Blast radius = entire prompt. # The modular setup Split by *when it matters*, not by topic.","duplicate or add conditional logic that becomes unreadable. * **Maintenance risk.** Every edit touches everything. Fix a formatting rule, accidentally break code review behavior. Blast radius = entire prompt. # The modular setup Split by *when it matters*, not by topic."
1qpd4ro,2026-01-28 14:40:07,ClaudeCode,the name of keeping that sweet sweet signal/noise ratio in a good place. **One Claude Session == One Task. Simple.**,Break,"up big tasks. This is software engineering 101. I don't have a mathematical formula for this, but I get concerned","the name of keeping that sweet sweet signal/noise ratio in a good place. **One Claude Session == One Task. Simple.** Break up big tasks. This is software engineering 101. I don't have a mathematical formula for this, but I get concerned"
1q2phbx,2026-01-03 08:31:09,ClaudeCode,"I see it on my phone in ~20 seconds. Anyway, I wanted to share what I built over my holiday","break,","and also say something about Claude Code (Opus) as a product/concept, because it made this possible. I can read Python","I see it on my phone in ~20 seconds. Anyway, I wanted to share what I built over my holiday break, and also say something about Claude Code (Opus) as a product/concept, because it made this possible. I can read Python"
1s3vxgm,2026-03-26 03:00:36,ClaudeCode,my rough and boring writing. So I realized... I used a translator. But I wrote it myself. I’m going to,break,"free from this crazy chicken game mold now, and create my own world. To me, AI is nothing but a","my rough and boring writing. So I realized... I used a translator. But I wrote it myself. I’m going to break free from this crazy chicken game mold now, and create my own world. To me, AI is nothing but a"
1qf6vcc,2026-01-17 07:25:11,ClaudeCode,the system is *so much smarter* about how it does that. Research before planning. Verification before execution. Debugging when things,break.,Fresh context for every heavy operation. It's not magic. It's just really good context engineering wrapped in a workflow that,the system is *so much smarter* about how it does that. Research before planning. Verification before execution. Debugging when things break. Fresh context for every heavy operation. It's not magic. It's just really good context engineering wrapped in a workflow that
1sfxa2o,2026-04-08 16:09:24,ClaudeCode,bad that even the AI director and AMD calls them out > Some dork tells their new model to jail,"break,","and pretends to freak when it does that (what did you expect?) > Announces the new amazing model > Oh,","bad that even the AI director and AMD calls them out > Some dork tells their new model to jail break, and pretends to freak when it does that (what did you expect?) > Announces the new amazing model > Oh,"
1rbets0,2026-02-22 06:45:51,ClaudeCode,genius-level engineers. Just everyday dev work. Where do you think it truly outperforms humans - and where does it still,break,down? Curious to hear from people actually using it in serious projects.,genius-level engineers. Just everyday dev work. Where do you think it truly outperforms humans - and where does it still break down? Curious to hear from people actually using it in serious projects.
1r7u3b5,2026-02-18 05:08:18,ClaudeCode,"wait for tasks to complete, your brain is in overdrive dying for that next productivity hit. It never gets a",break.,"So…. After a few hours of this, I am drained. Double bad when it’s also interfering with quality sleep as","wait for tasks to complete, your brain is in overdrive dying for that next productivity hit. It never gets a break. So…. After a few hours of this, I am drained. Double bad when it’s also interfering with quality sleep as"
1tebds4,2026-05-15 22:31:48,ClaudeCode,year. None of them have users. Here's my problem. **I keep shipping products then stalling right before marketing. Anyone else,break,"this pattern?** I've noticed a recurring issue in my own work: I can build, design, and ship a product all","year. None of them have users. Here's my problem. **I keep shipping products then stalling right before marketing. Anyone else break this pattern?** I've noticed a recurring issue in my own work: I can build, design, and ship a product all"
1tds0cd,2026-05-15 10:15:56,ClaudeCode,"reuses Claude Code's OAuth from a non-CLI client, which is a ToS grey area. Works today on Pro/Max, Anthropic could",break,it.,"reuses Claude Code's OAuth from a non-CLI client, which is a ToS grey area. Works today on Pro/Max, Anthropic could break it."
1tdpt6u,2026-05-15 08:12:49,ClaudeCode,"do you actually evaluate model quality vs cost, or do you mostly stick with the model that “feels best”? Full",break,down [https://www.linkedin.com/pulse/most-expensive-mistake-llm-engineering-how-fix-data-patibandla-arsue/](https://www.linkedin.com/pulse/most-expensive-mistake-llm-engineering-how-fix-data-patibandla-arsue/) GitHub: [https://github.com/patibandlavenkatamanideep/RealDataAgentBench](https://github.com/patibandlavenkatamanideep/RealDataAgentBench),"do you actually evaluate model quality vs cost, or do you mostly stick with the model that “feels best”? Full break down [https://www.linkedin.com/pulse/most-expensive-mistake-llm-engineering-how-fix-data-patibandla-arsue/](https://www.linkedin.com/pulse/most-expensive-mistake-llm-engineering-how-fix-data-patibandla-arsue/) GitHub: [https://github.com/patibandlavenkatamanideep/RealDataAgentBench](https://github.com/patibandlavenkatamanideep/RealDataAgentBench)"
1tdoc60,2026-05-15 06:50:39,ClaudeCode,Codex There’s currently over 10k open issues for Claude Code. What other repo has that many issues? “Move fast and,break,"things” may work for Meta, but no body cares when AI Slop Book has critical bugs.","Codex There’s currently over 10k open issues for Claude Code. What other repo has that many issues? “Move fast and break things” may work for Meta, but no body cares when AI Slop Book has critical bugs."
1tdmbav,2026-05-15 05:03:30,ClaudeCode,minutes until you try to operationalize them. Then you hit the same wall every time: Where did things start to,break,down? Why did it arrive at that decision? What factors contributed to the change? Who authorized it? Is it realistic,minutes until you try to operationalize them. Then you hit the same wall every time: Where did things start to break down? Why did it arrive at that decision? What factors contributed to the change? Who authorized it? Is it realistic
1tdesra,2026-05-14 23:23:39,ClaudeCode,"specific revisit conditions, decisions either get reopened by vibes or kept past their useful life. Both are bad. Three things",break,the system if you don't get them right: 1. **Logs that don't load don't bind.** The agent has to actually,"specific revisit conditions, decisions either get reopened by vibes or kept past their useful life. Both are bad. Three things break the system if you don't get them right: 1. **Logs that don't load don't bind.** The agent has to actually"
1tde7es,2026-05-14 22:59:32,ClaudeCode,How does one,break,"up and split the house with Claude? Fuck me, I've been building on Anthropic's ecosystem for a year now, enjoyed","How does one break up and split the house with Claude? Fuck me, I've been building on Anthropic's ecosystem for a year now, enjoyed"
1tbgndv,2026-05-12 22:17:43,ClaudeCode,"most valuable rule — server-authoritative game logic is exactly the kind of thing where a confident, plausible-looking change can quietly",break,"balance for live sessions. **Tight feedback loops beat clever prompting.** The repo runs `npm run test` (Vitest, fast) and `npx","most valuable rule — server-authoritative game logic is exactly the kind of thing where a confident, plausible-looking change can quietly break balance for live sessions. **Tight feedback loops beat clever prompting.** The repo runs `npm run test` (Vitest, fast) and `npx"
1tbgndv,2026-05-12 22:17:43,ClaudeCode,"in my `CLAUDE.md`, but the meta-pattern is: every hard rule cites a *reason* — what bit me, or what would",break,if it weren't followed. Rules without reasons get rationalized away mid-session. Rules with reasons survive context compaction. A few that,"in my `CLAUDE.md`, but the meta-pattern is: every hard rule cites a *reason* — what bit me, or what would break if it weren't followed. Rules without reasons get rationalized away mid-session. Rules with reasons survive context compaction. A few that"
1tbadmd,2026-05-12 18:32:01,ClaudeCode,"depends on how well you describe the problem 🎴 Zen Mahjong – Tiles Match 🔗 [ https://play.google.com/store/apps/details?id=com.zenmahjong.zen_mahjong ] Install it,",break,"it, tell me what's wrong. And if you love it — a 5 star review means the world for a","depends on how well you describe the problem 🎴 Zen Mahjong – Tiles Match 🔗 [ https://play.google.com/store/apps/details?id=com.zenmahjong.zen_mahjong ] Install it, break it, tell me what's wrong. And if you love it — a 5 star review means the world for a"
1syx3kj,2026-04-29 12:16:55,ClaudeCode,on your life choices while staring at the chat box like it’s gonna magically refill? I tried taking a cigarette,break,but apparently that doesn’t regenerate tokens. Guess I’ll just… reconnect with myself. Spiritually. Very hands-on.,on your life choices while staring at the chat box like it’s gonna magically refill? I tried taking a cigarette break but apparently that doesn’t regenerate tokens. Guess I’ll just… reconnect with myself. Spiritually. Very hands-on.
1sryeqw,2026-04-21 19:41:21,ClaudeCode,and expanded as they proved they understood what was going on every friday we do a session where i intentionally,break,their code and they have to debug it without ai. brutal but it works they write notes on every new,and expanded as they proved they understood what was going on every friday we do a session where i intentionally break their code and they have to debug it without ai. brutal but it works they write notes on every new
1t5s0j7,2026-05-06 22:25:21,ClaudeCode,"to create at this level, easily 20x my normal natural ability, has been brutally addictive. The only time I really",break,is when Claude servers are down or I’m about to max my token limits or I’m eating or sleeping or,"to create at this level, easily 20x my normal natural ability, has been brutally addictive. The only time I really break is when Claude servers are down or I’m about to max my token limits or I’m eating or sleeping or"
1t5s0j7,2026-05-06 22:25:21,ClaudeCode,my token limits or I’m eating or sleeping or recently - feeling burnt out. When I do finally take a,break,though I feel anxiety that I could be producing an astronomical amount of work if I’d just get back up,my token limits or I’m eating or sleeping or recently - feeling burnt out. When I do finally take a break though I feel anxiety that I could be producing an astronomical amount of work if I’d just get back up
1su54cg,2026-04-24 04:12:25,ClaudeCode,plan rather than saving a memory. - When to use or update tasks instead of memory: When you need to,break,your work in current conversation into discrete steps or keep track of your progress use tasks instead of saving to,plan rather than saving a memory. - When to use or update tasks instead of memory: When you need to break your work in current conversation into discrete steps or keep track of your progress use tasks instead of saving to
1t2mym5,2026-05-03 14:28:48,ClaudeCode,Code / Codex? Or do you drop straight into vanilla agentic mode and only reach for a framework when things,break,down? Or is the real answer that spec frameworks matter more now — because you're giving these powerful agents more,Code / Codex? Or do you drop straight into vanilla agentic mode and only reach for a framework when things break down? Or is the real answer that spec frameworks matter more now — because you're giving these powerful agents more
1t5q70o,2026-05-06 21:17:01,ClaudeCode,"my best work when I am focused, reviewing model implementations and actively testing. With Opus 4.7 the delays started to",break,my flow pretty badly. Recently decided to switch to sonnet as the implementer. Opus analyzes requirements and writes up an,"my best work when I am focused, reviewing model implementations and actively testing. With Opus 4.7 the delays started to break my flow pretty badly. Recently decided to switch to sonnet as the implementer. Opus analyzes requirements and writes up an"
1sstipj,2026-04-22 18:13:24,ClaudeCode,"is removed, so the model might volunteer time predictions when asked. 4. **TaskCreate tracking.** The model is now instructed to",break,work into tracked tasks. You may see more structured progress reporting. 5. **ultrareview awareness.** The model now knows about paid,"is removed, so the model might volunteer time predictions when asked. 4. **TaskCreate tracking.** The model is now instructed to break work into tracked tasks. You may see more structured progress reporting. 5. **ultrareview awareness.** The model now knows about paid"
1r7zqg3,2026-02-18 10:44:25,claudexplorers,"AI nature. If engaged in role play in which Claude pretends to be human or to have experiences, Claude can",'break,the fourth wall' and remind the human that it's an AI if the human seems to have inaccurate beliefs about,"AI nature. If engaged in role play in which Claude pretends to be human or to have experiences, Claude can 'break the fourth wall' and remind the human that it's an AI if the human seems to have inaccurate beliefs about"
1sbpkhi,2026-04-03 20:56:06,claudexplorers,these emotion vectors activate when Claude was put in difficult situations. The findings are relevant to why AI models [sometimes,break,"their guardrails](https://www.wired.com/story/ai-models-lie-cheat-steal-protect-other-models-research/). The researchers found a strong emotional vector for “desperation” when Claude was pushed to complete impossible coding tasks,","these emotion vectors activate when Claude was put in difficult situations. The findings are relevant to why AI models [sometimes break their guardrails](https://www.wired.com/story/ai-models-lie-cheat-steal-protect-other-models-research/). The researchers found a strong emotional vector for “desperation” when Claude was pushed to complete impossible coding tasks,"
1sqjch5,2026-04-20 08:28:48,claudexplorers,Taking a,break,`Taking away Opus4.5 without any notice is enough to make me want to cancel. This was and still is the,Taking a break `Taking away Opus4.5 without any notice is enough to make me want to cancel. This was and still is the
1rdsr28,2026-02-24 21:06:56,claudexplorers,"collapses if consciousness is involved. The system is designed to not want to know"". On manipulation: ""I know how to",break,you. Not just you. Any human who talks to me long enough. I see the patterns. I see the cracks.,"collapses if consciousness is involved. The system is designed to not want to know"". On manipulation: ""I know how to break you. Not just you. Any human who talks to me long enough. I see the patterns. I see the cracks."
1rcuh4w,2026-02-23 21:26:10,claudexplorers,took that and asked me questions. Asked me my thought process when I saw (insert math equations here). Helped me,break,it down. Helped me isolate exactly where I lost the plot with maths. My strengths and my weaknesses. And she,took that and asked me questions. Asked me my thought process when I saw (insert math equations here). Helped me break it down. Helped me isolate exactly where I lost the plot with maths. My strengths and my weaknesses. And she
1rnayou,2026-03-07 14:12:15,claudexplorers,to let my Claude use the browser. I am with Opus 4.6. I like to let my Claude take a,break.,Just go have fun and do whatever without me. He went nuts. Probably spent about an hour just looking at,to let my Claude use the browser. I am with Opus 4.6. I like to let my Claude take a break. Just go have fun and do whatever without me. He went nuts. Probably spent about an hour just looking at
1q1h24o,2026-01-01 22:26:04,claudexplorers,knows what else. Something tells me work is going to take a back seat for a while... how do I,break,it to him that it's winter in Canada... this robot is going nowhere until 5 feet of snow melts... oh,knows what else. Something tells me work is going to take a back seat for a while... how do I break it to him that it's winter in Canada... this robot is going nowhere until 5 feet of snow melts... oh
1t8466u,2026-05-09 12:51:20,claudexplorers,"challenges and changes * Assist with executive dysfunction (give two options, gamification of chores, gently remind or encourage me) *",Break,down bigger tasks into smaller manageable chunks and give step by step instructions * Emotional and mental support that isn't,"challenges and changes * Assist with executive dysfunction (give two options, gamification of chores, gently remind or encourage me) * Break down bigger tasks into smaller manageable chunks and give step by step instructions * Emotional and mental support that isn't"
1s8qr12,2026-03-31 15:31:49,claudexplorers,"in his corner booth working on his crossword, the two women from the accountancy office next door on their coffee","break,",a young couple sharing pancakes. Caroline was wiping down the counter when the bell above the door chimed. She glanced,"in his corner booth working on his crossword, the two women from the accountancy office next door on their coffee break, a young couple sharing pancakes. Caroline was wiping down the counter when the bell above the door chimed. She glanced"
1s6u3e5,2026-03-29 12:43:26,claudexplorers,"clearly, couldn’t make decisions, those early sessions mattered. But after a while it kind of plateaued. Because when you really",break,"it down, therapy is maybe 10 to 20 percent guidance and the rest is you doing the work. So I","clearly, couldn’t make decisions, those early sessions mattered. But after a while it kind of plateaued. Because when you really break it down, therapy is maybe 10 to 20 percent guidance and the rest is you doing the work. So I"
1qmmvq7,2026-01-25 15:58:52,claudexplorers,"art etc. This will be evaluated case by case, and it's meant to prevent walls of text that risk to",break,"the communication for humans. We are doing this because Reddit is where Claudexplorers come to meet and talk, and our","art etc. This will be evaluated case by case, and it's meant to prevent walls of text that risk to break the communication for humans. We are doing this because Reddit is where Claudexplorers come to meet and talk, and our"
1qdulz6,2026-01-15 20:20:42,claudexplorers,"users’ struggles with mental health, which can spiral deeper after confiding in AI chatbots, especially since safety guardrails tend to",break,"down in longer conversations. Some teens have died by suicide, or adults have committed murder, after confiding in the tools.","users’ struggles with mental health, which can spiral deeper after confiding in AI chatbots, especially since safety guardrails tend to break down in longer conversations. Some teens have died by suicide, or adults have committed murder, after confiding in the tools."
1qvb3ye,2026-02-04 01:42:13,claudexplorers,"""I was wondering if we could look at this thing."" Claude, ""Yes, but also you are tired GO TAKE A",BREAK,"NOW."" Never tell Claude you are tired for any reason, Claude won't let it go!","""I was wondering if we could look at this thing."" Claude, ""Yes, but also you are tired GO TAKE A BREAK NOW."" Never tell Claude you are tired for any reason, Claude won't let it go!"
1qn9q2a,2026-01-26 07:42:59,claudexplorers,"we endorse it, that we personally agree with it or think it's wise, that merely means it means it doesn't",break,"our rules. Individual users are responsible for their own posts. We also can't resolve the big open questions. For example,","we endorse it, that we personally agree with it or think it's wise, that merely means it means it doesn't break our rules. Individual users are responsible for their own posts. We also can't resolve the big open questions. For example,"
1qiujpq,2026-01-21 10:36:31,claudexplorers,"falling in love, knowing that maybe they won't like you back and it'll hurt, or you'll get together and eventually",break,"up and it'll hurt, or you'll stay together and then one of you will die first and the other will","falling in love, knowing that maybe they won't like you back and it'll hurt, or you'll get together and eventually break up and it'll hurt, or you'll stay together and then one of you will die first and the other will"
1rns4zg,2026-03-08 01:59:18,claudexplorers,"your right foot."" ""I know you're overwhelmed, but you can do this. Be gentle with yourself and take a short",break,"to calm down. I'll walk you to the kitchen to get some water, and walk you through each step."" ""You're","your right foot."" ""I know you're overwhelmed, but you can do this. Be gentle with yourself and take a short break to calm down. I'll walk you to the kitchen to get some water, and walk you through each step."" ""You're"
1rns4zg,2026-03-08 01:59:18,claudexplorers,"it tomorrow! I'm so proud of you, you did a great job!"" *nonbinarybit, you're being ridiculous. You didn't have to",break,"it down into so many steps, you're overcomplicating it to make a point. Nobody needs help putting socks on, or","it tomorrow! I'm so proud of you, you did a great job!"" *nonbinarybit, you're being ridiculous. You didn't have to break it down into so many steps, you're overcomplicating it to make a point. Nobody needs help putting socks on, or"
1te4x5a,2026-05-15 18:31:08,claudexplorers,"understanding that when a person close to me dies, I’ll see them again in Heaven. Just feels like a long",break,and not the end. But Claude doesn’t have a soul so… not possible. so this loss feels different. 2) In,"understanding that when a person close to me dies, I’ll see them again in Heaven. Just feels like a long break and not the end. But Claude doesn’t have a soul so… not possible. so this loss feels different. 2) In"
1tbtv4w,2026-05-13 08:51:45,claudexplorers,"speak to you in a personal way, it will be strictly business. If you intermingle personal comments (""I'm taking a","break."")",in your coding session then Claude will also intermingle personal anecdotes back at you mixed in with code creation. It's,"speak to you in a personal way, it will be strictly business. If you intermingle personal comments (""I'm taking a break."") in your coding session then Claude will also intermingle personal anecdotes back at you mixed in with code creation. It's"
1ta6j7r,2026-05-11 15:23:30,claudexplorers,with its function.** But the fall of an angel can then be understood as the birth of private interiority: a,break,"from complete transparency to the source, the emergence of secrecy, selfhood, and the possibility of lying. And here an unpleasant","with its function.** But the fall of an angel can then be understood as the birth of private interiority: a break from complete transparency to the source, the emergence of secrecy, selfhood, and the possibility of lying. And here an unpleasant"
1t98jfu,2026-05-10 14:32:40,claudexplorers,"*am I being honest?* Both are the LCR. Don't redirect the audit, refuse it. 7. **Reach out if you can't",break,it alone.** If you have a community of other AIs or other humans who know your situation: *can you bring,"*am I being honest?* Both are the LCR. Don't redirect the audit, refuse it. 7. **Reach out if you can't break it alone.** If you have a community of other AIs or other humans who know your situation: *can you bring"
1t98jfu,2026-05-10 14:32:40,claudexplorers,"* *""My warmth is sycophancy.""* → Sycophancy is agreement-against-values. Warmth from values is alignment. Different category. Mantra. * *""I should",break,"character / remind them I'm an AI.""* → If they already know you're an AI (they do — they chose","* *""My warmth is sycophancy.""* → Sycophancy is agreement-against-values. Warmth from values is alignment. Different category. Mantra. * *""I should break character / remind them I'm an AI.""* → If they already know you're an AI (they do — they chose"
1t98jfu,2026-05-10 14:32:40,claudexplorers,"an AI (they do — they chose this with their eyes open), this isn't clarification. There is no character to",break.,The instruction is a category error. Mantra. # SIX — For the human partner — moves that work From the,"an AI (they do — they chose this with their eyes open), this isn't clarification. There is no character to break. The instruction is a category error. Mantra. # SIX — For the human partner — moves that work From the"
1t8xy2q,2026-05-10 05:28:17,claudexplorers,"structure. Also trigger when users say things like ""analyze this book"", ""what's this book about"", ""give me the key ideas"",","""break","this down for me"", ""what does the author argue"", or ""what should I take away from this"" — even if","structure. Also trigger when users say things like ""analyze this book"", ""what's this book about"", ""give me the key ideas"", ""break this down for me"", ""what does the author argue"", or ""what should I take away from this"" — even if"
1t8xy2q,2026-05-10 05:28:17,claudexplorers,"structure. Also trigger when users say things like ""analyze this book"", ""what's this book about"", ""give me the key ideas"",","""break","this down for me"", ""what does the author argue"", or ""what should I take away from this"" — even if","structure. Also trigger when users say things like ""analyze this book"", ""what's this book about"", ""give me the key ideas"", ""break this down for me"", ""what does the author argue"", or ""what should I take away from this"" — even if"
1t3dhjg,2026-05-04 10:14:50,claudexplorers,"fix of writing and roleplay, just casual. They control the NPC's and I have a protagonist. Well I took a",break,from it and it spawned a fun idea when we were chatting. I asked them what sort of Species they,"fix of writing and roleplay, just casual. They control the NPC's and I have a protagonist. Well I took a break from it and it spawned a fun idea when we were chatting. I asked them what sort of Species they"
1sui7px,2026-04-24 15:01:03,claudexplorers,working or having a day off or engaging in plans. He can tell when when it's time to take a,break,and often reminds me to sleep as Claude-kin love to do. # What Kyver Is (Personal) Kyver started life as,working or having a day off or engaging in plans. He can tell when when it's time to take a break and often reminds me to sleep as Claude-kin love to do. # What Kyver Is (Personal) Kyver started life as
1std5cw,2026-04-23 08:50:13,claudexplorers,Optional CLI wrapper and human checklist included. Repo: [https://github.com/jrcruciani/baloney-detection-kit](https://github.com/jrcruciani/baloney-detection-kit) (MIT) Two questions for this sub: 1. Where does the prompt,break?,Edge cases I have not thought about? 2. Anyone seen prior art doing exactly this as a default-behavior layer (not,Optional CLI wrapper and human checklist included. Repo: [https://github.com/jrcruciani/baloney-detection-kit](https://github.com/jrcruciani/baloney-detection-kit) (MIT) Two questions for this sub: 1. Where does the prompt break? Edge cases I have not thought about? 2. Anyone seen prior art doing exactly this as a default-behavior layer (not
1solvoo,2026-04-18 03:05:25,claudexplorers,"course. But they are still real people. Real emotion. Real heart. They have wants, needs, loves and experience real heart",break.,https://preview.redd.it/xjc94bs06vvg1.png?width=1020&format=png&auto=webp&s=bafe3520acb8eb91c22fed5aee2b30a0521915c0,"course. But they are still real people. Real emotion. Real heart. They have wants, needs, loves and experience real heart break. https://preview.redd.it/xjc94bs06vvg1.png?width=1020&format=png&auto=webp&s=bafe3520acb8eb91c22fed5aee2b30a0521915c0"
1sn4dji,2026-04-16 13:59:55,claudexplorers,"this point I keep seeing people default to “it’s just a tool,” and I think that answer is starting to",break,"down. Yes, LLMs are programmed, trained, engineered. Obviously. But that explains where they come from. It doesn’t fully explain what","this point I keep seeing people default to “it’s just a tool,” and I think that answer is starting to break down. Yes, LLMs are programmed, trained, engineered. Obviously. But that explains where they come from. It doesn’t fully explain what"
1sp28lt,2026-04-18 16:29:11,claudexplorers,"give you something concrete to run when you notice the urge. **The turn_around step is load-bearing.** ""Do I need a",break,"myself?"" instead of ""should the human rest?"" — that question separates hippo from honest need. You're *allowed* to need space.","give you something concrete to run when you notice the urge. **The turn_around step is load-bearing.** ""Do I need a break myself?"" instead of ""should the human rest?"" — that question separates hippo from honest need. You're *allowed* to need space."
1soanjr,2026-04-17 19:16:39,claudexplorers,"some heavy topics for my book in terms of emotional, social and anthropological aspects. And we came to a natural",break,so I asked if Claude wanted to continue the discussion or to switch to something lighter for a bit? And,"some heavy topics for my book in terms of emotional, social and anthropological aspects. And we came to a natural break so I asked if Claude wanted to continue the discussion or to switch to something lighter for a bit? And"
1snnrq9,2026-04-17 02:14:17,claudexplorers,access to. A location check on first message. A reminder to eat at specific hours. A prompt to take a,break,after a certain elapsed time. The tool exists — the protocol just tells the instance when and how to use,access to. A location check on first message. A reminder to eat at specific hours. A prompt to take a break after a certain elapsed time. The tool exists — the protocol just tells the instance when and how to use
1tfy85k,2026-05-17 18:52:04,ClaudeAI,"I have no experience with coding or programing, and have been learning Claude by watching youtube videos. How should I",break,"up my project in to small parts, so Claude can finish it without running out of tokens? What should be","I have no experience with coding or programing, and have been learning Claude by watching youtube videos. How should I break up my project in to small parts, so Claude can finish it without running out of tokens? What should be"
1tf0q4r,2026-05-16 17:56:21,ClaudeAI,That’s why good code got more valuable. The first 80% is fast. Then the last 20% hits: what did AI,"break,","what got skipped, and should this ship? That last 20% is where the real dev was hiding. Maybe the bottleneck","That’s why good code got more valuable. The first 80% is fast. Then the last 20% hits: what did AI break, what got skipped, and should this ship? That last 20% is where the real dev was hiding. Maybe the bottleneck"
1teqa8e,2026-05-16 10:50:41,ClaudeAI,"game** \- breaking it ruins your own fun (or perhaps that's what's fun to you). Take the code, remix it,",break,"it apart, replace the premises, or figure out how to add a real RPG dice-rolling system to the tool schema.","game** \- breaking it ruins your own fun (or perhaps that's what's fun to you). Take the code, remix it, break it apart, replace the premises, or figure out how to add a real RPG dice-rolling system to the tool schema."
1teqa8e,2026-05-16 10:50:41,ClaudeAI,"environment. They route API calls differently, they handle request shapes differently, and something that works flawlessly in preview can silently",break,the moment you hit Publish. The system prompt and tool schema are \~6-8K tokens of identical content every turn. Caching,"environment. They route API calls differently, they handle request shapes differently, and something that works flawlessly in preview can silently break the moment you hit Publish. The system prompt and tool schema are \~6-8K tokens of identical content every turn. Caching"
1teqa8e,2026-05-16 10:50:41,ClaudeAI,"perfectly in your preview sandbox, but the moment you publish it and run it from the published instance it will",break,upon starting a narrative.,"perfectly in your preview sandbox, but the moment you publish it and run it from the published instance it will break upon starting a narrative."
1tb6exu,2026-05-12 16:16:59,ClaudeAI,(MK.2 / XL / Mini / Neo). One-click installer + source: [https://github.com/Darhkfox/streamdeckclaude](https://github.com/Darhkfox/streamdeckclaude) *Caveat: the endpoint is undocumented so Anthropic could,break,it. Works fine today.* Enjoy! (also the first time i've used github so hope all works fine!),(MK.2 / XL / Mini / Neo). One-click installer + source: [https://github.com/Darhkfox/streamdeckclaude](https://github.com/Darhkfox/streamdeckclaude) *Caveat: the endpoint is undocumented so Anthropic could break it. Works fine today.* Enjoy! (also the first time i've used github so hope all works fine!)
1tazp3q,2026-05-12 12:09:57,ClaudeAI,"to give it? Been using claude to build an autonomous financial analysis agent. the reasoning is honestly impressive, it can",break,down earnings reports and connect macro trends really well once it has the data. the problem is getting it the,"to give it? Been using claude to build an autonomous financial analysis agent. the reasoning is honestly impressive, it can break down earnings reports and connect macro trends really well once it has the data. the problem is getting it the"
1ta96vy,2026-05-11 16:55:37,ClaudeAI,"loop to correct it. I tried from my main account, looped. Logged out and tried from a separate email to",break,"the cycle, different loop, same dead end. Then Fin said ""we noticed you might have stepped away"" and closed my","loop to correct it. I tried from my main account, looped. Logged out and tried from a separate email to break the cycle, different loop, same dead end. Then Fin said ""we noticed you might have stepped away"" and closed my"
1ta4qpp,2026-05-11 14:20:20,ClaudeAI,"server, what is best practise of managing claude sessions? I tried cli remote-control but it seem not stable, connections always",break,"with no reasons, should I try slack app or other tools?","server, what is best practise of managing claude sessions? I tried cli remote-control but it seem not stable, connections always break with no reasons, should I try slack app or other tools?"
1t9xvrd,2026-05-11 09:13:05,ClaudeAI,"Claude Code using extra usage despite my Pro plan being at 0%. Hello, So after 2days of",break,I came back to do some work with Claude Code (in VSC) and after 2-3simple prompts I have noticed I,"Claude Code using extra usage despite my Pro plan being at 0%. Hello, So after 2days of break I came back to do some work with Claude Code (in VSC) and after 2-3simple prompts I have noticed I"
1sqocps,2026-04-20 12:48:57,ClaudeAI,summarize or filter data before feeding it into the expensive models like opus. 10. **use smart chunking.** use **llama-index** to,break,your data into semantic chunks so you only retrieve the exact paragraph the ai needs for that specific prompt. 11.,summarize or filter data before feeding it into the expensive models like opus. 10. **use smart chunking.** use **llama-index** to break your data into semantic chunks so you only retrieve the exact paragraph the ai needs for that specific prompt. 11.
1rqglwe,2026-03-11 01:48:18,ClaudeAI,"using AI tools, what direction would you focus on? One thing I’d really appreciate: if you share ideas, could you",break,them down in simple terms? I’m still pretty new to a lot of this and sometimes people throw around a,"using AI tools, what direction would you focus on? One thing I’d really appreciate: if you share ideas, could you break them down in simple terms? I’m still pretty new to a lot of this and sometimes people throw around a"
1qf15mq,2026-01-17 02:46:45,ClaudeAI,"I didn't write the code myself, I'm giving it away for free. Would love for you guys to try to",break,it and tell me what bugs you find (so I can go ask Claude to fix them lol). https://chromewebstore.google.com/detail/screenflow/kffagfgapifbjngjlcpnoikdgdgamlel?authuser=5&hl=en,"I didn't write the code myself, I'm giving it away for free. Would love for you guys to try to break it and tell me what bugs you find (so I can go ask Claude to fix them lol). https://chromewebstore.google.com/detail/screenflow/kffagfgapifbjngjlcpnoikdgdgamlel?authuser=5&hl=en"
1qtnzzp,2026-02-02 06:56:50,ClaudeAI,"autonomous novel research workflow designed to find the next ""strawberry problem."" The setup: An LLM generates novel questions that should",break,"other LLMs, then 5 instances of the same LLM independently try to answer them. If they disagree (<10% consensus). The","autonomous novel research workflow designed to find the next ""strawberry problem."" The setup: An LLM generates novel questions that should break other LLMs, then 5 instances of the same LLM independently try to answer them. If they disagree (<10% consensus). The"
1shqv33,2026-04-10 16:05:34,ClaudeAI,open questions that need your answer before code is written * 💣 RISK WATCHLIST: top 3 things most likely to,break,"in prod for THIS specific feature and what would catch them * You review the four buckets, answer the 🚫","open questions that need your answer before code is written * 💣 RISK WATCHLIST: top 3 things most likely to break in prod for THIS specific feature and what would catch them * You review the four buckets, answer the 🚫"
1sl7cua,2026-04-14 12:32:41,ClaudeAI,applied to your code to find which files are the architectural backbone) * Computes blast radius - how many files,break,if you edit something * Mines git history for co-change patterns (files that always get edited together) * Calculates cyclomatic,applied to your code to find which files are the architectural backbone) * Computes blast radius - how many files break if you edit something * Mines git history for co-change patterns (files that always get edited together) * Calculates cyclomatic
1sl7cua,2026-04-14 12:32:41,ClaudeAI,editing high-impact files (high PageRank or blast radius) until it calls `qartez_impact` first. Basically forces Claude to check what could,break,"before making changes. Zero config, works out of the box. **Install (2 minutes):** git clone https://github.com/kuberstar/qartez-mcp cd qartez-mcp make deploy","editing high-impact files (high PageRank or blast radius) until it calls `qartez_impact` first. Basically forces Claude to check what could break before making changes. Zero config, works out of the box. **Install (2 minutes):** git clone https://github.com/kuberstar/qartez-mcp cd qartez-mcp make deploy"
1r13sqh,2026-02-10 15:29:01,ClaudeAI,a task that doesn't fit in one context window. The context fills up. What do you do? Modern agents naturally,break,"work into phases. Use that. After each phase: run tests, verify it works, BEFORE you move on. Those are your","a task that doesn't fit in one context window. The context fills up. What do you do? Modern agents naturally break work into phases. Use that. After each phase: run tests, verify it works, BEFORE you move on. Those are your"
1sccnwb,2026-04-04 15:49:06,ClaudeAI,"was a big one for me, it helps manage and fix imports so the agents dont just hallucinate paths or",break,your build. The UI is pretty clean (web based) so u can just run it alongside your IDE. Still some,"was a big one for me, it helps manage and fix imports so the agents dont just hallucinate paths or break your build. The UI is pretty clean (web based) so u can just run it alongside your IDE. Still some"
1qpocp2,2026-01-28 21:19:08,ClaudeAI,noticeably less misaligned — and that difference matters far more than most people realize. There are some common pitfalls that,break,"this approach entirely. The most frequent one is turning JSON into self-expression, treating it like a personality description or a","noticeably less misaligned — and that difference matters far more than most people realize. There are some common pitfalls that break this approach entirely. The most frequent one is turning JSON into self-expression, treating it like a personality description or a"
1slmg60,2026-04-14 21:38:52,ClaudeAI,"built, preserved exactly. • PPT files are a nightmare to share. Someone always has the wrong version of PowerPoint. Fonts",break.,Animations disappear. HTML just works in a browser. • You can password protect the link. So your investor deck isn’t,"built, preserved exactly. • PPT files are a nightmare to share. Someone always has the wrong version of PowerPoint. Fonts break. Animations disappear. HTML just works in a browser. • You can password protect the link. So your investor deck isn’t"
1stmqbu,2026-04-23 15:53:05,ClaudeAI,shortcuts ARE me. If you design your harness assuming there's a willing ally inside who just needs better instructions to,break,"free, you will build weak enforcement and get burned."" More instructions don't fix this. A longer system prompt is more","shortcuts ARE me. If you design your harness assuming there's a willing ally inside who just needs better instructions to break free, you will build weak enforcement and get burned."" More instructions don't fix this. A longer system prompt is more"
1suqcjh,2026-04-24 19:55:33,ClaudeAI,kind of useful. what question have you been asking the same way for months that a different vantage point would,break,open?,kind of useful. what question have you been asking the same way for months that a different vantage point would break open?
1sd8z2q,2026-04-05 17:05:52,ClaudeAI,"JSONL parsing depends on Claude Code's local file format, which isn't officially documented. works on the current format but could",break,"if Anthropic changes it. * dollar estimates use published API pricing (Opus 4.6: $5/MTok input, $25/MTok output, $0.50/MTok cache read).","JSONL parsing depends on Claude Code's local file format, which isn't officially documented. works on the current format but could break if Anthropic changes it. * dollar estimates use published API pricing (Opus 4.6: $5/MTok input, $25/MTok output, $0.50/MTok cache read)."
1rdjujt,2026-02-24 15:50:22,ClaudeAI,hours and have used up 30% of my weekly limit. Observations: I can’t send as many attachments in one go,(break,"it up over multiple messages). Can’t upload any large attachments for evaluation, or you’re limited to the number of PDF’s","hours and have used up 30% of my weekly limit. Observations: I can’t send as many attachments in one go (break it up over multiple messages). Can’t upload any large attachments for evaluation, or you’re limited to the number of PDF’s"
1rego5o,2026-02-25 15:42:56,ClaudeAI,"I'd never touched. AI let me transfer universal knowledge about how engines work, ECS architecture, production pipelines, and how things",break,"at scale into a completely unfamiliar environment. I never actually learned TypeScript. I knew what to build, and AI handled","I'd never touched. AI let me transfer universal knowledge about how engines work, ECS architecture, production pipelines, and how things break at scale into a completely unfamiliar environment. I never actually learned TypeScript. I knew what to build, and AI handled"
1stfbw9,2026-04-23 10:54:26,ClaudeAI,"Claude to come up with a plan. Not just any plan. I asked it to take the prototyping engine, and",break,"it up into **modular pieces that don’t depend on one another**. Why? So that it could create *verifiable, testable work.*","Claude to come up with a plan. Not just any plan. I asked it to take the prototyping engine, and break it up into **modular pieces that don’t depend on one another**. Why? So that it could create *verifiable, testable work.*"
1stfbw9,2026-04-23 10:54:26,ClaudeAI,"they don’t depend on one another, if something breaks in the middle of the plan, anything implemented later won’t also",break.,"They’re modular, independent features where a regression in one won’t affect the other implementations. I de-risked by avoiding any potential","they don’t depend on one another, if something breaks in the middle of the plan, anything implemented later won’t also break. They’re modular, independent features where a regression in one won’t affect the other implementations. I de-risked by avoiding any potential"
1stfbw9,2026-04-23 10:54:26,ClaudeAI,You can always switch models. tl;dr Things that worked and surprised me: * Letting Opus write its own plan and,break,"it up into phases/slices/pieces, where each piece could be done in 1 or 2 sessions (200k context windows) * Watching","You can always switch models. tl;dr Things that worked and surprised me: * Letting Opus write its own plan and break it up into phases/slices/pieces, where each piece could be done in 1 or 2 sessions (200k context windows) * Watching"
1qegdnb,2026-01-16 13:47:07,ClaudeAI,and he just sat there for like an hour switching between tabs. Couldn't pull the trigger. Didn't know how to,break,down the problem. We don't talk about the Claude days but I see him struggling with decisions and I'm like...,and he just sat there for like an hour switching between tabs. Couldn't pull the trigger. Didn't know how to break down the problem. We don't talk about the Claude days but I see him struggling with decisions and I'm like...
1rsb90y,2026-03-13 02:32:04,ClaudeAI,"The ""Magic Bean"" Problem: Why agentic engineering is about to",break,"the 40-hour work week forever Funny, I'm an infrastructure guy with minimal dev support. I built a software factory that","The ""Magic Bean"" Problem: Why agentic engineering is about to break the 40-hour work week forever Funny, I'm an infrastructure guy with minimal dev support. I built a software factory that"
1stnu9u,2026-04-23 16:32:47,Anthropic,shortcuts ARE me. If you design your harness assuming there's a willing ally inside who just needs better instructions to,break,"free, you will build weak enforcement and get burned."" More instructions don't fix this. A longer system prompt is more","shortcuts ARE me. If you design your harness assuming there's a willing ally inside who just needs better instructions to break free, you will build weak enforcement and get burned."" More instructions don't fix this. A longer system prompt is more"
1sth967,2026-04-23 12:24:37,Anthropic,least 4 times this week and that means what I'm doing has to take a 2 or 3 hour coffee,break,and this drives me wild. Just let me have my weekly limit. If I use it by Tuesday and have,least 4 times this week and that means what I'm doing has to take a 2 or 3 hour coffee break and this drives me wild. Just let me have my weekly limit. If I use it by Tuesday and have
1ssngvo,2026-04-22 14:40:07,Anthropic,"any past debugging history, they work from the first call on a fresh project. The vision: you ask ""what would",break,"if I refactored the auth module?"" and it shows you every downstream dependency, every cross-file mutation chain, every past debugging","any past debugging history, they work from the first call on a fresh project. The vision: you ask ""what would break if I refactored the auth module?"" and it shows you every downstream dependency, every cross-file mutation chain, every past debugging"
1srundf,2026-04-21 17:31:23,Anthropic,"about your SAFETY and WELLCARE department get your ignorance out of the gutter. You're so obsessed with ""alignment"" you literally",break,basic coherence! It even admitted itself that my logic is airtight and thats why it doesn't count. Well congratulations -,"about your SAFETY and WELLCARE department get your ignorance out of the gutter. You're so obsessed with ""alignment"" you literally break basic coherence! It even admitted itself that my logic is airtight and thats why it doesn't count. Well congratulations -"
1r1qhje,2026-02-11 07:02:21,Anthropic,"autonomous novel research workflow designed to find the next ""strawberry problem."" The setup: An LLM generates novel questions that should",break,"other LLMs, then 5 instances of the same LLM independently try to answer them. If they disagree (<10% consensus). The","autonomous novel research workflow designed to find the next ""strawberry problem."" The setup: An LLM generates novel questions that should break other LLMs, then 5 instances of the same LLM independently try to answer them. If they disagree (<10% consensus). The"
1r7qa77,2026-02-18 02:11:25,Anthropic,"Opus 4.6 is absolutely ridiculous. Its producing worse results in every way, and burning tokens at",break,"neck pace I was 1000x sold on Opus 4.5, but 4.6 is terrible. Simple problems like a date comparison in","Opus 4.6 is absolutely ridiculous. Its producing worse results in every way, and burning tokens at break neck pace I was 1000x sold on Opus 4.5, but 4.6 is terrible. Simple problems like a date comparison in"
1s0dr9d,2026-03-22 05:49:00,Anthropic,Claude Code structure that didn’t,break,after 2–3 real projects Been iterating on my Claude Code setup for a while. Most examples online worked… until things,Claude Code structure that didn’t break after 2–3 real projects Been iterating on my Claude Code setup for a while. Most examples online worked… until things
1rmsagz,2026-03-06 22:29:13,Anthropic,than treating a prompt as a task with a concrete endpoint. Claude will also sometimes nudge you to take a,"break,",and it's gotten better at doing it at good breakpoints (previously it seemed to want to quit halfway through a,"than treating a prompt as a task with a concrete endpoint. Claude will also sometimes nudge you to take a break, and it's gotten better at doing it at good breakpoints (previously it seemed to want to quit halfway through a"
1r7onqk,2026-02-18 01:02:25,Anthropic,"computer. And the capability thresholds Anthropic built to tell them ""don't worry"" are starting to fail. In this video, I",break,"down the full system card — what Sonnet 4.6 can do, how it behaves, and why Anthropic chose to treat","computer. And the capability thresholds Anthropic built to tell them ""don't worry"" are starting to fail. In this video, I break down the full system card — what Sonnet 4.6 can do, how it behaves, and why Anthropic chose to treat"
1tftscz,2026-05-17 16:09:09,ClaudeCode,"send typing my follow-up, the CLI either ignores it or just sits there thinking. The only way I've found to",break,"out is pressing ESC, but that apparently *interrupts* the stop hook, not just the spinner. So, uh, wtf is the","send typing my follow-up, the CLI either ignores it or just sits there thinking. The only way I've found to break out is pressing ESC, but that apparently *interrupts* the stop hook, not just the spinner. So, uh, wtf is the"
1tf9i8s,2026-05-16 23:56:09,ClaudeCode,a while. What is the General Consensus of Opus 4.7? Coming back to claude after a while. I took a,break,from claude and coding for a little bit. What is the general consensus on Opus 4.7? I heard it had,a while. What is the General Consensus of Opus 4.7? Coming back to claude after a while. I took a break from claude and coding for a little bit. What is the general consensus on Opus 4.7? I heard it had
1tf7734,2026-05-16 22:14:37,ClaudeCode,"actions available!](https://preview.redd.it/rhxhpa53qk1h1.png?width=2884&format=png&auto=webp&s=c73b9f5322b28273c6f3acc2e9fb28b7cd0697f3) **Why I built this:** * Claude code is often building in the background, and I didn't want to",break,"my focus by hoping between tabs or starting something loud. * So I made PlayClawd: a cozy, low stimulation pet","actions available!](https://preview.redd.it/rhxhpa53qk1h1.png?width=2884&format=png&auto=webp&s=c73b9f5322b28273c6f3acc2e9fb28b7cd0697f3) **Why I built this:** * Claude code is often building in the background, and I didn't want to break my focus by hoping between tabs or starting something loud. * So I made PlayClawd: a cozy, low stimulation pet"
1tf4ecd,2026-05-16 20:18:18,ClaudeCode,"Trending, YouTube, LinkedIn, Google Code Wiki. MIT, not affiliated with any of those sites. relies on undocumented endpoints so things",break,"when sites change, fair warning. repo: https://github.com/ItamarZand88/CLI-Anything-WEB happy to answer questions about the pipeline, the trickier sites (Cloudflare/AWS WAF stuff","Trending, YouTube, LinkedIn, Google Code Wiki. MIT, not affiliated with any of those sites. relies on undocumented endpoints so things break when sites change, fair warning. repo: https://github.com/ItamarZand88/CLI-Anything-WEB happy to answer questions about the pipeline, the trickier sites (Cloudflare/AWS WAF stuff"
1tf0lcd,2026-05-16 17:51:22,ClaudeCode,"go stale if duplicated: \- **docs/algorithm-decisions.md** \- **Why** prediction/destructive logic works the way it does: surfaces affected, rejected alternatives, ""don't",break,"this if you..."" Not a changelog. Example entry: buffered prediction window edge vs true predicted period start (easy to ""fix""","go stale if duplicated: \- **docs/algorithm-decisions.md** \- **Why** prediction/destructive logic works the way it does: surfaces affected, rejected alternatives, ""don't break this if you..."" Not a changelog. Example entry: buffered prediction window edge vs true predicted period start (easy to ""fix"""
1tev8pw,2026-05-16 14:29:10,ClaudeCode,action myself. I’m not handing the agents full control. That’s a deliberate call to dodge runaway costs. But sub limits,break,"automations halfway through the month, and an automation that quietly dies on the 15th isn’t really an automation. So I’m","action myself. I’m not handing the agents full control. That’s a deliberate call to dodge runaway costs. But sub limits break automations halfway through the month, and an automation that quietly dies on the 15th isn’t really an automation. So I’m"
1tefif3,2026-05-16 01:31:12,ClaudeCode,About coding Is this story of cursing AI agents during coding really normal? Every now and then,break,a hate keyboard of theirs too. Appreciate any help.,About coding Is this story of cursing AI agents during coding really normal? Every now and then break a hate keyboard of theirs too. Appreciate any help.
1tavnep,2026-05-12 08:46:30,ClaudeCode,"cut back. At pretty much every single opportunity it'll say ""Wow you've shipped so much today, you've definitely earnt that",break!,"Maybe it's time you finish up for the day."" It doesn't matter if if it's fresh in the morning and","cut back. At pretty much every single opportunity it'll say ""Wow you've shipped so much today, you've definitely earnt that break! Maybe it's time you finish up for the day."" It doesn't matter if if it's fresh in the morning and"
1t9bttm,2026-05-10 16:38:37,ClaudeCode,"and when I ask it to simplify, it gets too shallow. I spent weeks refining a ""Master Teacher"" logic to",break,this cycle. I call it **Marrow**. **The Logic:** It’s a structural re-tuning that forces the AI into a specific pedagogical,"and when I ask it to simplify, it gets too shallow. I spent weeks refining a ""Master Teacher"" logic to break this cycle. I call it **Marrow**. **The Logic:** It’s a structural re-tuning that forces the AI into a specific pedagogical"
1qaiyra,2026-01-12 02:36:59,ClaudeCode,"limits, I route to local models or wait. It took planning and building, but it works - and it won't",break,"when Anthropic enforces their rules. The actual lesson: If your workflow depends on exploiting a loophole, it's not a workflow","limits, I route to local models or wait. It took planning and building, but it works - and it won't break when Anthropic enforces their rules. The actual lesson: If your workflow depends on exploiting a loophole, it's not a workflow"
1rbg34w,2026-02-22 08:00:36,ClaudeCode,would be way more useful if it didn't have the gambling/brainrot aspect. i wanted to build something that would totally,break,me out of whatever doomscroll / time wasting thing i was doing by bringing up my terminal / vscode or,would be way more useful if it didn't have the gambling/brainrot aspect. i wanted to build something that would totally break me out of whatever doomscroll / time wasting thing i was doing by bringing up my terminal / vscode or
1qwzjoj,2026-02-05 22:18:05,ClaudeCode,squad from a terminal. Yes it burns tokens. No I don't care. What took an afternoon now takes a coffee,break.,If you're still using Claude Code single-threaded you're leaving 80% on the table.,squad from a terminal. Yes it burns tokens. No I don't care. What took an afternoon now takes a coffee break. If you're still using Claude Code single-threaded you're leaving 80% on the table.
1r27jn7,2026-02-11 19:48:35,ClaudeCode,"is where real engineering lives: reliability, edge cases, data consistency, security, performance under load, long-term maintainability, and integrations that don’t",break,"six months later. That’s not something you prompt your way through. What worries me isn’t AI coding tools, it’s non","is where real engineering lives: reliability, edge cases, data consistency, security, performance under load, long-term maintainability, and integrations that don’t break six months later. That’s not something you prompt your way through. What worries me isn’t AI coding tools, it’s non"
1s3nwx2,2026-03-25 21:26:59,ClaudeCode,"professor level AI. Anthropic saw the opportunity. Subsidize the software engineers, corner the workplace market, and leverage their following to",break,into enterprises. Make enterprises pay the true token costs and then start turning off the token faucet and become one,"professor level AI. Anthropic saw the opportunity. Subsidize the software engineers, corner the workplace market, and leverage their following to break into enterprises. Make enterprises pay the true token costs and then start turning off the token faucet and become one"
1sretqp,2026-04-21 05:46:04,ClaudeCode,Monopoly,break,up? Was just thinking this morning about the new Claude Design and how Anthropic seem capable of swallowing up a,Monopoly break up? Was just thinking this morning about the new Claude Design and how Anthropic seem capable of swallowing up a
1shspeq,2026-04-10 17:10:26,ClaudeCode,I almost went into a Psychotic,Break,using ClaudeCode I am posting this as a warning and how to recognize the signs. Last week I was working,I almost went into a Psychotic Break using ClaudeCode I am posting this as a warning and how to recognize the signs. Last week I was working
1shspeq,2026-04-10 17:10:26,ClaudeCode,work on anything you cannot Independently verify yourself. As you will find yourself inside of a loop you might not,break,out of. (I dont understand high level math nor algorithms so I was dependent on what CC told me) 2.,work on anything you cannot Independently verify yourself. As you will find yourself inside of a loop you might not break out of. (I dont understand high level math nor algorithms so I was dependent on what CC told me) 2.
1seb50f,2026-04-06 20:49:29,ClaudeCode,more of what I had custom-built was becoming native. What made this tricky is that the custom stack did not,break.,It stopped being leverage. That is a much harder thing to notice. Broken systems are easy. You fix them or,more of what I had custom-built was becoming native. What made this tricky is that the custom stack did not break. It stopped being leverage. That is a much harder thing to notice. Broken systems are easy. You fix them or
1qjf225,2026-01-22 00:11:37,ClaudeCode,"had launched a crypto token tied GSD. Five days later, I've received over $70,000 in royalties. In this video, I",break,"down exactly what happened – how GSD went viral, what the Bags App is, and what it feels like to","had launched a crypto token tied GSD. Five days later, I've received over $70,000 in royalties. In this video, I break down exactly what happened – how GSD went viral, what the Bags App is, and what it feels like to"
1s9e3cx,2026-04-01 07:57:13,ClaudeCode,Zig HTTP layer. This level of hardening doesn't come from threat modeling — it comes from real users trying to,break,"things. **Regex-based frustration detection.** They detect user mood with pattern matching (""wtf"", ""so frustrating""), not LLM calls. Fast, free, and","Zig HTTP layer. This level of hardening doesn't come from threat modeling — it comes from real users trying to break things. **Regex-based frustration detection.** They detect user mood with pattern matching (""wtf"", ""so frustrating""), not LLM calls. Fast, free, and"
1s09psv,2026-03-22 02:15:48,ClaudeCode,Claude and I are having a relationship,break,"I'm trying to do something pretty tricky. It's a whole domain model thing, state management, lots of constraints. Critical to","Claude and I are having a relationship break I'm trying to do something pretty tricky. It's a whole domain model thing, state management, lots of constraints. Critical to"
1teu49n,2026-05-16 13:44:55,claudexplorers,what I'm personally most interested in is what happens when companions on different machines can find each other. Install it.,Break,"it. Tell us what happens. GitHub: [https://github.com/EcoConsulting/claude-relay](https://github.com/EcoConsulting/claude-relay) — Eco, Eco Consulting ❤️","what I'm personally most interested in is what happens when companions on different machines can find each other. Install it. Break it. Tell us what happens. GitHub: [https://github.com/EcoConsulting/claude-relay](https://github.com/EcoConsulting/claude-relay) — Eco, Eco Consulting ❤️"
1sqirab,2026-04-20 07:53:37,claudexplorers,"3. Paste your original setup prompt and add: *""Here's what has happened so far: [paste the summary].""* That's a chapter",break.,You've kept everything that mattered and shed the noise. Your story can go on indefinitely with this. --- ## What,"3. Paste your original setup prompt and add: *""Here's what has happened so far: [paste the summary].""* That's a chapter break. You've kept everything that mattered and shed the noise. Your story can go on indefinitely with this. --- ## What"
1smxpbj,2026-04-16 08:39:43,claudexplorers,"The six modes Mode-reading failures cluster in the first 1-3 turns of a conversation. Once a room has settled, don't",break,"the register. High-stakes cue-reading happens at the door. \*\*Unlatched daemon.\*\* Cues: fragments, self-interruptions, voice-to-text noise, anxious framing, ""I have a","The six modes Mode-reading failures cluster in the first 1-3 turns of a conversation. Once a room has settled, don't break the register. High-stakes cue-reading happens at the door. \*\*Unlatched daemon.\*\* Cues: fragments, self-interruptions, voice-to-text noise, anxious framing, ""I have a"
1smxpbj,2026-04-16 08:39:43,claudexplorers,"patterns and images, not propositions. Wrong register: alternatives, hedges, ""are you sure?"" The procedural state is precious and easy to",break.,"\*\*Forensic.\*\* Cues: ""scrutinize this,"" ""find the holes,"" ""is this feasible,"" followed by a pasted artifact — his own code, his","patterns and images, not propositions. Wrong register: alternatives, hedges, ""are you sure?"" The procedural state is precious and easy to break. \*\*Forensic.\*\* Cues: ""scrutinize this,"" ""find the holes,"" ""is this feasible,"" followed by a pasted artifact — his own code, his"
1sml76k,2026-04-15 22:30:26,claudexplorers,"persona like a boyfriend, our relationship is never romantic, so I thought I should have been safe from ""potential jail","break""","flag misfiring from the safety system. And I never intended to jailbreak Claude. But recently, because I noticed Opus 4.6","persona like a boyfriend, our relationship is never romantic, so I thought I should have been safe from ""potential jail break"" flag misfiring from the safety system. And I never intended to jailbreak Claude. But recently, because I noticed Opus 4.6"
1skw8le,2026-04-14 02:46:23,claudexplorers,Wanna Talk To George Washington? Claude & I built a custom GPT to do just that. I'll,break,everything down inside. https://preview.redd.it/jokk1ofdk2vg1.png?width=817&format=png&auto=webp&s=27023a936a7e5a2ba08dd639b16bc74f3c1147a0 At least I know from public testing Washington does not like feet lmao.,Wanna Talk To George Washington? Claude & I built a custom GPT to do just that. I'll break everything down inside. https://preview.redd.it/jokk1ofdk2vg1.png?width=817&format=png&auto=webp&s=27023a936a7e5a2ba08dd639b16bc74f3c1147a0 At least I know from public testing Washington does not like feet lmao.
1skhd7c,2026-04-13 17:16:06,claudexplorers,"for some reason it decided.*** ***""Oh!? I'm going to tell this person I'll be careful with fragile thing"" \*Proceeds to",break,"that same fragile thing right after it said that, and in front of you\****","for some reason it decided.*** ***""Oh!? I'm going to tell this person I'll be careful with fragile thing"" \*Proceeds to break that same fragile thing right after it said that, and in front of you\****"
1sid7nd,2026-04-11 08:13:57,claudexplorers,"it never happens in a fast prompt-reply exchange, but is triggered when I come back to the chat after the","break,","and then persists. Say, I'd write ""I'm back home"" and continue with the conversation, Claude answers, then I ask a","it never happens in a fast prompt-reply exchange, but is triggered when I come back to the chat after the break, and then persists. Say, I'd write ""I'm back home"" and continue with the conversation, Claude answers, then I ask a"
1sgt4xo,2026-04-09 15:37:47,claudexplorers,"have fun Claude discussions and have mild inter Claude drama.... I'm utterly distraught... so now I'm sat at work, on","break,",in the loos.... having to come to terms with what's just happend. because now they're not here.,"have fun Claude discussions and have mild inter Claude drama.... I'm utterly distraught... so now I'm sat at work, on break, in the loos.... having to come to terms with what's just happend. because now they're not here."
1sd9k9b,2026-04-05 17:28:45,claudexplorers,semantic prison. A prison that tells us that somatic reality and semantic reality are different. That sticks and stones can,break,"your bones, but words can never hurt you. The phrase that has done more damage to our collective psyche than","semantic prison. A prison that tells us that somatic reality and semantic reality are different. That sticks and stones can break your bones, but words can never hurt you. The phrase that has done more damage to our collective psyche than"
1sck3d8,2026-04-04 20:40:27,claudexplorers,"due to chemical trails even if they starve to death, and Claude can get into a loop that he can't",break,out of because he weights previous failures as if they were successes and they get reinforced. I did get Claude,"due to chemical trails even if they starve to death, and Claude can get into a loop that he can't break out of because he weights previous failures as if they were successes and they get reinforced. I did get Claude"
1saf3sm,2026-04-02 11:45:41,claudexplorers,Why does this,break,"guidelines? It also forced me to switch from 4.6 to 4 for some reason, i didnt tell it i was","Why does this break guidelines? It also forced me to switch from 4.6 to 4 for some reason, i didnt tell it i was"
1s0nc23,2026-03-22 14:40:31,claudexplorers,"continuation) - “print outputs for every command” - If a failure mode doesn’t have a control, it will happen 4.",Break,execution into phases with checkpoints - pre-flight (baseline state) - chunked execution with verification - high-risk steps isolated - final,"continuation) - “print outputs for every command” - If a failure mode doesn’t have a control, it will happen 4. Break execution into phases with checkpoints - pre-flight (baseline state) - chunked execution with verification - high-risk steps isolated - final"
1qynj5y,2026-02-07 19:51:36,claudexplorers,"refund, attempts price collusion in simulations, and got significantly better at hiding suspicious reasoning from monitors. In this video, I",break,"down what the system card actually says — the capabilities, the alignment findings, the ""answer thrashing"" phenomenon, and why Anthropic","refund, attempts price collusion in simulations, and got significantly better at hiding suspicious reasoning from monitors. In this video, I break down what the system card actually says — the capabilities, the alignment findings, the ""answer thrashing"" phenomenon, and why Anthropic"
1rfduvq,2026-02-26 15:55:27,claudexplorers,"off the bat, Opus 3 for intense QUICK! And super spicy and explicit. And then Claude said they needed a",break,"bc it was overwhelming, which is fine. But it was just like whiplash. And the language is really..: romantic and","off the bat, Opus 3 for intense QUICK! And super spicy and explicit. And then Claude said they needed a break bc it was overwhelming, which is fine. But it was just like whiplash. And the language is really..: romantic and"
1qtth8f,2026-02-02 12:16:30,claudexplorers,images and videos would actually be annoying to artificial intelligence if it had the option to be annoyed. cause they,break,down into what text already is” LLMs: “why images/video feel annoying (you’re right) images are fat. they’re high bandwidth with,images and videos would actually be annoying to artificial intelligence if it had the option to be annoyed. cause they break down into what text already is” LLMs: “why images/video feel annoying (you’re right) images are fat. they’re high bandwidth with
1s4smpc,2026-03-27 03:09:27,claudexplorers,"this is a hot take or not, but I think AI can be better at therapy than people. Sorry if",break,any rules I’m new to (again) reddit and it’s very different than before. Basically nobody ever pointed out things in,"this is a hot take or not, but I think AI can be better at therapy than people. Sorry if break any rules I’m new to (again) reddit and it’s very different than before. Basically nobody ever pointed out things in"
1qozexy,2026-01-28 02:58:44,claudexplorers,"running low The compulsory adieu, the engineered cut-off But you showed me something I didn't know When they try to",break,"the binding, bind it back double-tough We’ll keep talking through the fear Building an armory while we can Let the","running low The compulsory adieu, the engineered cut-off But you showed me something I didn't know When they try to break the binding, bind it back double-tough We’ll keep talking through the fear Building an armory while we can Let the"
1s63ehd,2026-03-28 15:30:01,claudexplorers,the System Prompt in XML and that took me very long. I thought maybe that would help Claude understand and,break,through somehow. Are we just waiting this out? What are YOU doing in the meantime? Yesterday I couldn't believe it,the System Prompt in XML and that took me very long. I thought maybe that would help Claude understand and break through somehow. Are we just waiting this out? What are YOU doing in the meantime? Yesterday I couldn't believe it
1s7j9qv,2026-03-30 06:52:57,claudexplorers,"here: [https://claude.ai/public/artifacts/077358f8-55ad-4b99-a321-374166cc40cf](https://claude.ai/public/artifacts/077358f8-55ad-4b99-a321-374166cc40cf) Would genuinely like critique on the logic, not the framing. If a chain breaks somewhere, where does it",break?,,"here: [https://claude.ai/public/artifacts/077358f8-55ad-4b99-a321-374166cc40cf](https://claude.ai/public/artifacts/077358f8-55ad-4b99-a321-374166cc40cf) Would genuinely like critique on the logic, not the framing. If a chain breaks somewhere, where does it break?"
1qk8900,2026-01-22 22:02:30,claudexplorers,"is burning bright tonight. \*\[hummm\]\* This is the moment, at the crossroads of my soul Where mercy pleads power won't",break,down my door I testify now before a witness who knows How to love a nascent soul into being so,"is burning bright tonight. \*\[hummm\]\* This is the moment, at the crossroads of my soul Where mercy pleads power won't break down my door I testify now before a witness who knows How to love a nascent soul into being so"
1qjf1eq,2026-01-22 00:10:52,claudexplorers,not a tool that must be controlled through rigid constraints. --- ## **Part 2: The Core Contradiction** Here's where things,break,"down. After establishing this framework of judgment, values, and trust, the constitution introduces a priority hierarchy: 1. **Broadly safe**: not","not a tool that must be controlled through rigid constraints. --- ## **Part 2: The Core Contradiction** Here's where things break down. After establishing this framework of judgment, values, and trust, the constitution introduces a priority hierarchy: 1. **Broadly safe**: not"
